,mean,mean,mean,mean,mean,mean,mean,mean,mean,mean,mean,mean,mean,mean,mean,mean,mean,mean,mean,mean,mean,mean,mean,mean,mean,mean,mean,mean,mean,mean,mean,mean,mean,mean,mean,mean,mean,mean,mean,mean,mean,mean,mean,mean,mean,mean,mean,mean,sem,sem,sem,sem,sem,sem,sem,sem,sem,sem,sem,sem,sem,sem,sem,sem,sem,sem,sem,sem,sem,sem,sem,sem,sem,sem,sem,sem,sem,sem,sem,sem,sem,sem,sem,sem,sem,sem,sem,sem,sem,sem,sem,sem,sem,sem,sem,sem
keyword_id,2,10,11,12,14,15,16,17,18,19,20,21,22,24,26,28,32,33,37,38,39,41,42,43,44,48,49,51,52,54,55,56,57,58,59,60,112,113,114,115,117,118,119,121,122,123,124,125,2,10,11,12,14,15,16,17,18,19,20,21,22,24,26,28,32,33,37,38,39,41,42,43,44,48,49,51,52,54,55,56,57,58,59,60,112,113,114,115,117,118,119,121,122,123,124,125
date,,,,,,,,,,,,,,,,,,,,,,,,,,,,,,,,,,,,,,,,,,,,,,,,,,,,,,,,,,,,,,,,,,,,,,,,,,,,,,,,,,,,,,,,,,,,,,,,
2007-01-31,0.0,0.0,0.0,0.0,0.0,0.0,0.0,0.0,0.0,24.428571428571427,0.0,41.57142857142857,14.571428571428571,0.0,26.857142857142858,0.0,0.0,0.0,23.428571428571427,0.0,0.0,0.0,0.0,0.0,0.0,0.0,0.0,0.0,10.285714285714286,0.0,38.57142857142857,0.0,20.571428571428573,0.0,0.0,17.428571428571427,61.714285714285715,44.714285714285715,39.714285714285715,36.285714285714285,63.857142857142854,36.0,80.14285714285714,19.571428571428573,28.142857142857142,84.28571428571429,34.142857142857146,18.428571428571427,0.0,0.0,0.0,0.0,0.0,0.0,0.0,0.0,0.0,8.706475813349243,0.0,12.913369120443212,9.496508488354431,0.0,10.724756788070549,0.0,0.0,0.0,11.218303799418806,0.0,0.0,0.0,0.0,0.0,0.0,0.0,0.0,0.0,4.912153468762989,0.0,1.3426544933211129,0.0,14.440117963601303,0.0,0.0,6.331542890492779,8.686920342331545,3.8896338774594548,1.8479626582792619,3.536976686611413,5.329292687047475,3.078342163598854,1.1428571428571435,0.20203050891044225,2.344482595255461,1.2093738189714571,1.1837907518720046,0.4809288065886705
2007-04-30,1.7142857142857144,0.0,0.0,0.0,0.0,0.0,0.0,0.0,0.0,10.95238095238095,0.0,17.095238095238095,17.238095238095237,0.0,30.476190476190478,0.0,0.0,0.0,15.80952380952381,0.0,0.0,0.0,0.0,7.0,8.714285714285714,0.0,10.714285714285715,0.0,25.09523809523809,0.0,40.047619047619044,17.952380952380953,7.6190476190476195,0.0,0.0,7.9523809523809526,54.80952380952382,68.85714285714285,35.85714285714286,46.904761904761905,49.0,28.952380952380953,69.52380952380952,26.809523809523807,29.76190476190476,70.28571428571429,33.285714285714285,23.571428571428573,1.1089548237910203,0.0,0.0,0.0,0.0,0.0,0.0,0.0,0.0,2.8585975132935926,0.0,10.139921161558442,4.768011956743849,0.0,9.97150302921137,0.0,0.0,0.0,4.246914312667295,0.0,0.0,0.0,0.0,4.758173141050212,5.626105333575776,0.0,5.291716883365562,0.0,6.204403913575781,0.0,1.0048492796657682,4.9949331848169995,5.022398808927698,0.0,0.0,4.401311842355465,5.989944216914719,5.173929309848481,1.1416911732509247,6.939092580475133,6.336680240330307,2.6098436953928705,1.4374192097697176,0.5129689244534352,2.5453269346393217,1.5024134809659992,1.195147516831162,0.7737912691019914
2007-07-31,25.190476190476193,0.0,13.19047619047619,0.0,0.0,0.0,0.0,0.0,0.0,32.666666666666664,0.0,40.1904761904762,0.0,0.0,1.5714285714285714,0.0,0.0,0.0,36.80952380952381,0.0,0.0,0.0,0.0,13.19047619047619,13.571428571428571,0.0,29.523809523809522,0.0,23.90476190476191,0.0,49.19047619047618,30.76190476190476,12.857142857142856,0.0,0.0,47.047619047619044,58.76190476190476,43.76190476190476,38.666666666666664,32.57142857142858,48.38095238095238,26.0952380952381,68.85714285714286,18.9047619047619,22.047619047619047,69.38095238095237,35.38095238095238,23.476190476190478,5.4739132193373266,0.0,6.267349313906522,0.0,0.0,0.0,0.0,0.0,0.0,12.540299254597521,0.0,12.093281815724898,0.0,0.0,1.5714285714285714,0.0,0.0,0.0,14.65473065449043,0.0,0.0,0.0,0.0,4.903220593082604,8.599697646903842,0.0,9.56298963310474,0.0,7.393495110983977,0.0,0.893197258352943,10.677147677807795,9.737049116832628,0.0,0.0,9.177024415844876,8.419952638076982,5.5175322235263415,0.8518494113640007,6.0390007941079356,4.218104737471525,1.7281764200121643,1.510079864392341,0.4267840495390109,1.762890927205439,1.6083006203682508,1.553695204133751,0.7085410825779651
2007-10-31,5.666666666666667,0.0,23.476190476190478,0.0,0.0,0.0,0.0,0.0,0.0,17.333333333333332,0.0,25.380952380952376,5.428571428571428,0.0,10.761904761904761,0.0,0.0,0.0,12.904761904761905,0.0,0.0,0.0,0.0,11.666666666666666,31.571428571428573,0.0,0.0,0.0,6.666666666666667,0.0,36.57142857142857,0.0,0.0,0.0,0.0,11.857142857142856,46.61904761904762,60.80952380952382,31.333333333333332,41.095238095238095,36.714285714285715,28.71428571428571,75.57142857142857,16.38095238095238,25.80952380952381,78.00000000000001,36.0,22.76190476190476,3.1688727471647042,0.0,9.46022705882066,0.0,0.0,0.0,0.0,0.0,0.0,7.439117624522246,0.0,8.989834555713795,3.5409279608437547,0.0,4.6489580217340745,0.0,0.0,0.0,4.968000399229276,0.0,0.0,0.0,0.0,4.35221770386075,9.728649841117827,0.0,0.0,0.0,2.7348702087946335,0.0,0.9406208104734883,0.0,0.0,0.0,0.0,4.464051745709614,6.4379342748588515,4.553314931036022,1.4310467027773155,6.541848063614044,5.153074417644096,2.746696196010081,1.2631427004162525,0.26347177846053454,1.311348094635327,1.5771056480205032,1.203147821767977,0.6821116146841851
2008-01-31,14.238095238095239,0.0,20.523809523809522,0.0,0.0,0.0,0.0,0.0,0.0,24.76190476190476,0.0,21.047619047619047,17.80952380952381,7.190476190476191,36.00000000000001,0.0,0.0,0.0,11.142857142857144,0.0,0.0,0.0,0.0,3.1904761904761902,7.857142857142858,0.0,0.0,0.0,22.047619047619047,0.0,33.57142857142858,13.571428571428571,22.666666666666668,0.0,0.0,13.38095238095238,43.19047619047618,58.333333333333336,40.57142857142858,35.095238095238095,52.285714285714285,25.476190476190478,69.85714285714286,19.238095238095237,32.857142857142854,69.80952380952381,35.666666666666664,26.571428571428573,3.515901782156614,0.0,9.79186481307507,0.0,0.0,0.0,0.0,0.0,0.0,8.362564913207871,0.0,4.7331515998298,5.5789572768659506,4.648409378547343,6.113495807492285,0.0,0.0,0.0,5.611219964096562,0.0,0.0,0.0,0.0,3.1904761904761902,3.7038926633581064,0.0,0.0,0.0,5.5785130600107244,0.0,0.8000875907948132,6.563897557798218,9.821362202476935,0.0,0.0,3.9747786879686786,6.552553702884578,4.128658722628503,1.1063674058481152,4.979591421349664,5.400737071589241,1.9932083864430534,0.7908484917648678,0.2939655496531685,1.8343764081614509,1.0541125484287919,1.1618544788651115,0.7575573401238236
2008-04-30,9.857142857142858,0.0,0.0,0.0,0.0,0.0,0.0,0.0,0.0,16.0,0.0,41.904761904761905,31.42857142857143,7.190476190476191,23.80952380952381,0.0,0.0,0.0,36.19047619047619,0.0,0.0,0.0,0.0,0.0,12.666666666666666,0.0,21.38095238095238,0.0,19.047619047619047,0.0,41.42857142857142,16.761904761904763,0.0,0.0,0.0,7.333333333333333,43.857142857142854,58.1904761904762,40.1904761904762,51.38095238095239,54.666666666666664,29.28571428571429,73.47619047619047,33.285714285714285,30.71428571428571,74.09523809523809,37.61904761904762,27.61904761904762,2.5154796208247805,0.0,0.0,0.0,0.0,0.0,0.0,0.0,0.0,6.0052174398470894,0.0,10.245088467959734,8.900160424058374,4.673383569039794,6.163417177221511,0.0,0.0,0.0,8.125289840242212,0.0,0.0,0.0,0.0,0.0,3.427248421989825,0.0,11.688481689356687,0.0,4.875546913374098,0.0,0.7070774916937186,9.447670205359907,0.0,0.0,0.0,3.388697080231975,5.392688167259706,4.136110736980291,1.1476310655878248,4.495823667944191,6.312217905510642,1.901679539897442,0.9258944377660011,0.5027649220357601,1.8316115833106268,1.008384722889131,0.8693534215957932,0.7253564796755666
2008-07-31,12.952380952380954,0.0,9.857142857142858,0.0,0.0,0.0,0.0,0.0,0.0,39.285714285714285,0.0,16.19047619047619,8.095238095238095,0.0,17.19047619047619,0.0,0.0,0.0,2.2857142857142856,0.0,0.0,0.0,0.0,5.809523809523809,10.714285714285715,0.0,18.380952380952383,0.0,40.47619047619048,0.0,51.1904761904762,16.523809523809522,5.6190476190476195,0.0,0.0,34.142857142857146,44.80952380952382,54.61904761904761,35.8095238095238,22.333333333333332,76.47619047619048,23.42857142857143,70.42857142857143,19.666666666666668,23.80952380952381,71.38095238095237,38.00000000000001,23.23809523809524,4.121019336795797,0.0,4.749746383013291,0.0,0.0,0.0,0.0,0.0,0.0,10.024341381816866,0.0,7.0006841874234835,2.9364650361516644,0.0,3.529871921035046,0.0,0.0,0.0,2.2857142857142856,0.0,0.0,0.0,0.0,2.8010364133052845,3.8746418652926047,0.0,7.149358675995181,0.0,7.791951347077685,0.0,1.1678550179858882,7.814284533621335,3.6992982113146575,0.0,0.0,7.219593532400482,5.541568088202166,4.70309823815473,1.0692872686757597,3.5214020767237906,5.088597832161221,2.0073677456066297,1.0087968003455046,0.3031649952698789,1.6601423708308645,1.0937976595282872,1.167648801533897,0.6418617246796111
2008-10-31,0.0,0.0,11.523809523809524,0.0,0.0,0.0,0.0,0.0,0.0,19.0952380952381,0.0,15.619047619047619,11.761904761904761,0.0,25.09523809523809,0.0,0.0,0.0,11.523809523809524,0.0,0.0,0.0,0.0,0.0,24.90476190476191,4.761904761904762,11.238095238095239,0.0,19.904761904761905,0.0,37.85714285714286,26.9047619047619,20.142857142857142,0.0,0.0,8.904761904761905,34.047619047619044,61.904761904761905,39.238095238095234,37.904761904761905,54.47619047619048,32.238095238095234,82.66666666666667,16.380952380952383,28.523809523809522,83.71428571428572,33.476190476190474,24.857142857142858,0.0,0.0,6.830491744059766,0.0,0.0,0.0,0.0,0.0,0.0,6.568712806240096,0.0,6.37801380615003,6.098859786635086,0.0,5.750842274847437,0.0,0.0,0.0,4.725175813675467,0.0,0.0,0.0,0.0,0.0,7.213676204634079,4.761904761904762,4.673868754122586,0.0,5.049055282578269,0.0,0.8720815814849714,11.514953592089432,6.272995386733913,0.0,0.0,4.109348718779514,5.036159016033025,4.862159711911754,1.043582156210823,5.520940800753226,4.510296741504802,2.503365997791882,1.1566909074915737,0.3218344941599525,1.9697402337437009,1.200819629787357,1.0852964557791083,0.4721886059341871
2009-01-31,13.523809523809524,0.0,30.09523809523809,0.0,0.0,0.0,0.0,0.0,0.0,35.476190476190474,0.0,12.142857142857144,10.714285714285715,0.0,33.23809523809524,0.0,0.0,0.0,20.333333333333332,0.0,0.0,0.0,0.0,6.9523809523809526,1.5238095238095237,0.0,4.095238095238096,0.0,16.38095238095238,0.0,35.57142857142858,21.333333333333332,5.809523809523809,0.0,0.0,22.428571428571427,36.61904761904762,59.61904761904762,48.47619047619048,56.047619047619044,61.904761904761905,32.38095238095238,75.61904761904762,22.571428571428573,32.714285714285715,75.57142857142857,37.38095238095238,27.0952380952381,4.755433146674712,0.0,6.1911430518086945,0.0,0.0,0.0,0.0,0.0,0.0,8.973081958480472,0.0,5.460553867734622,6.478345272119907,0.0,6.367798053285195,0.0,0.0,0.0,7.078318203025088,0.0,0.0,0.0,0.0,5.611504536429891,1.5238095238095237,0.0,2.659428953417753,0.0,5.572239074767892,0.0,0.581441829778507,9.925987719533445,2.9365937353403013,0.0,0.0,5.102631053045883,3.463231173238985,4.400112751137942,1.2882007159932165,4.677268024921225,5.713970775896339,1.4566626743578575,0.6168737452211475,0.3526696395756999,1.7605667585560856,1.1481379229783237,1.172953999658098,0.6790112857400619
2009-04-30,9.714285714285714,0.0,2.3333333333333335,0.0,0.0,0.0,0.0,0.0,0.0,12.857142857142856,0.0,12.428571428571429,5.095238095238095,20.38095238095238,35.333333333333336,0.0,0.0,0.0,17.666666666666668,0.0,0.0,0.0,0.0,14.428571428571429,14.857142857142856,0.0,17.571428571428573,0.0,27.523809523809522,0.0,41.476190476190474,6.761904761904762,0.0,0.0,0.0,13.0,46.23809523809524,64.90476190476191,60.904761904761905,60.76190476190476,52.857142857142854,34.714285714285715,77.66666666666667,35.57142857142858,36.142857142857146,78.66666666666667,41.38095238095238,26.333333333333332,1.9154247553525103,0.0,2.3333333333333335,0.0,0.0,0.0,0.0,0.0,0.0,6.424108987121166,0.0,3.6280172888540285,3.9331453552719995,7.62215862707139,9.213316297661322,0.0,0.0,0.0,7.914468900063247,0.0,0.0,0.0,0.0,6.773001506944983,6.189253673359368,0.0,8.318809528879115,0.0,6.05365644455111,0.0,0.7793498446871299,5.142353195264136,0.0,0.0,0.0,4.131039307906266,5.101993160629222,4.477287579534577,1.1115331656340444,6.955827266044623,5.757362558398689,2.6242296106860037,0.9715437069936982,0.3011617348392174,2.2969527968281875,1.1163393182669663,1.1479816070008018,0.6222573506993045
2009-07-31,26.57142857142857,0.0,0.0,0.0,0.0,0.0,0.0,0.0,0.0,25.14285714285714,0.0,24.857142857142858,12.428571428571429,0.0,8.714285714285714,0.0,0.0,0.0,3.714285714285714,0.0,0.0,0.0,0.0,33.285714285714285,16.238095238095237,0.0,9.380952380952381,0.0,42.714285714285715,0.0,52.85714285714286,11.666666666666666,0.0,0.0,0.0,33.952380952380956,49.333333333333336,49.57142857142858,56.57142857142858,43.952380952380956,38.238095238095234,29.333333333333332,66.71428571428571,17.047619047619047,26.19047619047619,67.42857142857143,34.904761904761905,27.571428571428573,5.485395407822437,0.0,0.0,0.0,0.0,0.0,0.0,0.0,0.0,6.185303002870611,0.0,7.469000169703417,4.589333322792607,0.0,3.14041296807182,0.0,0.0,0.0,3.714285714285714,0.0,0.0,0.0,0.0,10.409192687371723,4.987664299299769,0.0,3.979064639382474,0.0,9.440020726601777,0.0,1.5537881908755071,6.472274086332074,0.0,0.0,0.0,5.980589464795645,6.190842323300746,4.478693021561259,1.3478221510778328,3.4619899696957126,3.7135363150274787,1.8210955495670378,0.8910608541274033,0.2588346002929289,1.638322744406952,0.9172280215683232,0.9621919197150607,0.6660226346606931
2009-10-31,10.619047619047619,0.0,25.38095238095238,0.0,0.0,0.0,0.0,0.0,0.0,40.57142857142858,0.0,13.761904761904761,25.61904761904762,2.3333333333333335,10.571428571428571,0.0,0.0,0.0,47.76190476190476,0.0,0.0,0.0,0.0,14.904761904761905,38.904761904761905,0.0,9.476190476190476,0.0,27.0,0.0,42.333333333333336,24.90476190476191,0.0,0.0,0.0,20.095238095238095,40.57142857142857,63.04761904761906,42.57142857142858,42.57142857142857,34.23809523809524,33.0,74.14285714285714,15.571428571428571,29.0,75.28571428571428,37.85714285714286,25.952380952380953,2.5120566063338328,0.0,10.101095286540934,0.0,0.0,0.0,0.0,0.0,0.0,8.472421401461594,0.0,4.8343808923643605,9.142078901128087,2.3333333333333335,2.98971351354702,0.0,0.0,0.0,9.71340807554279,0.0,0.0,0.0,0.0,3.80177783927849,13.323730464920052,0.0,4.332526778965465,0.0,7.116206575229754,0.0,1.0465945622058968,10.258332006499202,0.0,0.0,0.0,4.668441388206056,5.054375681311602,4.04956133361125,0.922287037552319,3.920447175943145,3.3816248350921234,2.0103029255742393,1.0515196194763183,0.227946381455954,1.8590410070240202,1.0131704113599656,0.9346377574248605,0.4873278804567425
2010-01-31,7.19047619047619,0.0,0.0,0.0,0.0,0.0,0.0,0.0,0.0,15.238095238095239,0.0,33.523809523809526,10.952380952380954,5.0476190476190474,21.952380952380953,0.0,0.0,0.0,23.238095238095237,0.0,0.0,0.0,0.0,11.571428571428571,14.04761904761905,0.0,23.28571428571429,0.0,13.761904761904761,0.0,40.57142857142858,16.095238095238095,0.0,0.0,0.0,16.285714285714285,44.095238095238095,58.666666666666664,45.42857142857142,56.57142857142858,47.0,42.14285714285714,65.57142857142857,19.952380952380953,38.047619047619044,65.76190476190476,39.952380952380956,28.047619047619047,2.524446514056904,0.0,0.0,0.0,0.0,0.0,0.0,0.0,0.0,4.968226073603994,0.0,7.628072172634247,5.309939496006398,3.2784599005825723,6.7272068036820505,0.0,0.0,0.0,6.0890006592502095,0.0,0.0,0.0,0.0,5.705510314706946,8.142844351726305,0.0,8.153908325629835,0.0,3.75422781832032,0.0,0.6925283903264243,5.954753534260857,0.0,0.0,0.0,4.842741635460158,4.452852936435218,3.4970309509914443,0.8748069319939565,4.623660437928317,3.05350944182277,2.5860402570828374,0.8350237393047584,0.33498310123544545,1.694074245118813,0.8359292714873577,0.8907511296862163,0.5054540740240266
2010-04-30,8.238095238095239,0.0,2.1904761904761902,0.0,0.0,0.0,0.0,0.0,0.0,23.23809523809524,0.0,19.238095238095237,15.95238095238095,19.71428571428571,10.523809523809524,0.0,0.0,0.0,33.904761904761905,0.0,0.0,0.0,0.0,12.761904761904761,32.952380952380956,3.857142857142857,19.0,0.0,24.19047619047619,0.0,49.23809523809524,23.71428571428571,12.0,0.0,0.0,3.5238095238095237,51.14285714285714,65.80952380952381,46.47619047619048,71.6190476190476,48.714285714285715,37.19047619047618,66.95238095238095,28.90476190476191,40.38095238095238,67.14285714285715,41.904761904761905,27.047619047619047,2.5473730762448095,0.0,2.1904761904761902,0.0,0.0,0.0,0.0,0.0,0.0,7.2149171918462285,0.0,6.569158252918059,5.655722543512933,6.909336393849901,2.647607628158541,0.0,0.0,0.0,10.025934996923164,0.0,0.0,0.0,0.0,4.3732679327005215,12.374250330815483,3.857142857142857,3.4564562700965777,0.0,4.764059432198525,0.0,0.8010242989356193,8.545623732734054,5.918732559296089,0.0,0.0,2.602885979030796,5.158992639420112,4.056668186525454,0.7680522787008596,6.173869932432241,3.6916436155054675,1.877526127023702,0.7405487874834228,0.5110328746041617,1.9581402599628415,1.1173282658974628,0.7662745974200759,0.536182587931597
2010-07-31,8.19047619047619,0.0,0.0,0.0,0.0,0.0,0.0,0.0,0.0,32.714285714285715,0.0,30.333333333333332,17.857142857142858,27.38095238095238,11.238095238095239,0.0,0.0,0.0,8.285714285714286,0.0,0.0,0.0,0.0,11.238095238095239,22.28571428571429,9.333333333333334,32.666666666666664,0.0,42.666666666666664,0.0,67.28571428571428,30.71428571428571,7.285714285714286,0.0,0.0,16.28571428571429,44.952380952380956,56.714285714285715,43.19047619047618,44.85714285714286,49.42857142857144,49.523809523809526,65.52380952380952,16.0,27.952380952380953,66.14285714285715,40.57142857142857,29.80952380952381,2.8165160132823686,0.0,0.0,0.0,0.0,0.0,0.0,0.0,0.0,7.479748240167267,0.0,6.673988064441421,5.163762083299728,14.822637272025766,4.22842739550132,0.0,0.0,0.0,3.973399291668914,0.0,0.0,0.0,0.0,6.414883180577033,6.33227387829804,6.026396959831,11.42823502861369,0.0,5.909953669633073,0.0,0.9704572660310493,11.647683772689405,3.519731660217797,0.0,0.0,4.817077536813532,3.9686663935010054,4.195749081702538,0.9714114489033866,3.90457826536368,4.439102065149175,2.201505891501409,0.88162356104454,0.24754296697869013,1.6002552274110842,1.1619453473999861,1.1311792955738968,0.5727663160663102
2010-10-31,11.476190476190476,0.0,24.80952380952381,0.0,0.0,0.0,0.0,0.0,0.0,22.28571428571429,0.0,34.57142857142858,12.333333333333334,4.476190476190476,20.095238095238095,0.0,0.0,0.0,15.619047619047619,0.0,0.0,0.0,0.0,15.571428571428571,7.0,0.0,10.238095238095239,0.0,21.61904761904762,0.0,44.714285714285715,26.38095238095238,19.61904761904762,0.0,0.0,31.0,56.476190476190474,63.142857142857146,41.904761904761905,49.952380952380956,49.523809523809526,39.476190476190474,73.52380952380952,15.476190476190476,31.190476190476193,73.61904761904762,39.66666666666667,30.857142857142858,3.0040695072913555,0.0,7.047179004717468,0.0,0.0,0.0,0.0,0.0,0.0,5.913644164222902,0.0,6.521325864037891,5.703065710215744,4.476190476190475,4.446343319653058,0.0,0.0,0.0,7.6173209915529645,0.0,0.0,0.0,0.0,6.496512664239352,2.5737790550741964,0.0,3.897280478618017,0.0,4.448381860715096,0.0,1.0549008893969691,8.922831095683755,5.6529454522979075,0.0,0.0,6.8551244776851705,6.55639298469666,3.4989253187699796,1.3348798524053498,3.5340366180747105,3.9020579675988407,2.03636228088581,0.9809686995365879,0.24460554584619176,1.4508549173780267,0.8926505406406874,1.3770047267684467,0.7561644695922524
2011-01-31,5.571428571428572,0.0,9.285714285714286,0.0,0.0,0.0,0.0,0.0,0.0,34.19047619047619,0.0,18.857142857142858,6.0,0.0,19.857142857142858,0.0,0.0,0.0,22.0,0.0,0.0,0.0,0.0,0.0,31.333333333333332,16.380952380952383,14.61904761904762,0.0,17.19047619047619,0.0,38.76190476190476,1.9047619047619049,36.57142857142858,0.0,0.0,10.095238095238097,41.1904761904762,73.85714285714285,56.857142857142854,68.61904761904762,55.333333333333336,40.76190476190476,68.90476190476191,19.523809523809522,36.8095238095238,67.14285714285715,42.04761904761905,32.333333333333336,1.780263500579551,0.0,3.311378947909633,0.0,0.0,0.0,0.0,0.0,0.0,6.8314649364241085,0.0,4.4454534197861895,2.657744342472789,0.0,4.915033257565359,0.0,0.0,0.0,7.832643111716716,0.0,0.0,0.0,0.0,0.0,9.413322648949043,8.727270991823149,5.505012679969266,0.0,4.369047880021896,0.0,0.5597716840073934,1.2634761106115808,13.477766593784885,0.0,0.0,3.072245566562243,5.225100836643146,5.69225183770003,0.8716208673055251,6.289774596268315,4.341831553597504,1.8530324087073167,0.6870378361793187,0.3051300359915317,1.8500308785114699,0.825855227928087,1.0946091869136902,0.549039697383474
2011-04-30,14.857142857142856,0.0,3.428571428571429,0.0,0.0,0.0,0.0,0.0,0.0,40.76190476190476,0.0,35.333333333333336,18.333333333333332,12.285714285714286,17.619047619047617,0.0,0.0,0.0,10.476190476190476,0.0,0.0,0.0,0.0,8.142857142857142,6.666666666666667,0.0,25.23809523809524,0.0,33.333333333333336,0.0,43.904761904761905,2.9523809523809526,12.571428571428571,0.0,0.0,11.571428571428571,50.42857142857142,62.23809523809524,47.523809523809526,72.23809523809524,56.904761904761905,37.99999999999999,70.3809523809524,36.0,39.285714285714285,71.0,44.904761904761905,33.23809523809524,3.5307865010205486,0.0,2.2709509996767276,0.0,0.0,0.0,0.0,0.0,0.0,5.274542724694727,0.0,5.85628481132058,4.438188993770183,6.15492354818591,5.081104882093398,0.0,0.0,0.0,3.313615127865619,0.0,0.0,0.0,0.0,4.495840074047014,2.433235484007851,0.0,6.056305037706031,0.0,5.830583740363065,0.0,0.6399232770546526,1.9401475035679396,7.294376061617477,0.0,0.0,3.740965457084965,3.797655792165564,3.823973185646659,0.9328882817339424,6.0255986698271355,3.1172296466879286,1.7254061002750933,0.7882558777919346,0.2730353920404818,1.2036659008394057,0.8385744383827026,0.9424343901683013,0.6667267239325391
2011-07-31,33.904761904761905,0.0,28.857142857142858,0.0,0.0,0.0,0.0,0.0,0.0,37.80952380952382,0.0,30.85714285714286,8.476190476190476,7.9523809523809526,11.19047619047619,0.0,0.0,0.0,35.42857142857142,0.0,0.0,0.0,0.0,12.571428571428571,9.428571428571429,10.047619047619047,17.523809523809522,0.0,54.61904761904761,0.0,51.904761904761905,25.90476190476191,14.714285714285715,0.0,0.0,26.666666666666668,56.523809523809526,53.42857142857142,46.23809523809524,51.42857142857142,43.904761904761905,33.666666666666664,68.90476190476191,20.71428571428571,27.47619047619047,68.33333333333333,38.99999999999999,34.333333333333336,3.639264510849369,0.0,6.954020670271444,0.0,0.0,0.0,0.0,0.0,0.0,7.5297318559218,0.0,6.704659333823744,3.242108622078227,3.9895059616405333,3.746611929303945,0.0,0.0,0.0,4.959144942080218,0.0,0.0,0.0,0.0,5.595478976925439,5.44247852463153,4.806536869121597,6.307430934766754,0.0,5.351194891392336,0.0,0.6402085371265606,9.185614406080935,6.603031032583444,0.0,0.0,7.592575118940299,3.306203899167499,3.511913387990239,0.9868275770547102,3.1887175822395704,3.2493793460233404,1.9483622197210853,0.9080699776849489,0.3027682786261449,1.3098285596981423,1.0804197974403738,0.6230496470507038,0.6751911986924556
2011-10-31,36.14285714285714,0.0,13.476190476190476,0.0,0.0,0.0,0.0,0.0,0.0,51.904761904761905,0.0,20.476190476190478,7.761904761904762,11.523809523809524,14.095238095238095,0.0,0.0,0.0,24.666666666666668,0.0,0.0,0.0,0.0,10.428571428571429,8.238095238095239,14.238095238095239,20.380952380952383,0.0,28.28571428571429,0.0,40.85714285714286,28.61904761904762,11.238095238095239,0.0,0.0,7.857142857142857,59.714285714285715,59.42857142857142,54.904761904761905,54.57142857142858,45.285714285714285,40.23809523809524,70.3809523809524,24.666666666666668,37.61904761904762,76.90476190476191,46.047619047619044,37.42857142857142,3.8556714933692775,0.0,3.337163995082856,0.0,0.0,0.0,0.0,0.0,0.0,7.871498137513427,0.0,4.731447991862452,1.0407422201768572,5.568397920915378,3.4081671254592902,0.0,0.0,0.0,7.1889681443240745,0.0,0.0,0.0,0.0,4.524997240336332,3.384450539010642,7.848435489423221,5.700151907963181,0.0,4.936028143535375,0.0,0.8350086595004055,7.468146628711529,4.173318118000721,0.0,0.0,3.220105344812439,3.6661253162805196,3.7262354477186697,0.9406530323284398,4.767498012759781,3.249910279300486,1.4459595961194143,0.6229260040301813,0.39661746125904385,1.157572343241533,0.863567516548419,1.0626090540242106,0.5403966294684559
2012-01-31,21.42857142857143,0.0,11.523809523809524,0.0,0.0,0.0,0.0,0.0,0.0,30.857142857142858,0.0,38.952380952380956,11.904761904761905,4.0,20.952380952380953,0.0,0.0,0.0,17.761904761904763,0.0,0.0,0.0,0.0,4.666666666666667,9.095238095238095,11.952380952380954,19.61904761904762,0.0,28.333333333333332,0.0,39.142857142857146,19.571428571428573,12.714285714285715,0.0,0.0,4.809523809523809,50.047619047619044,57.714285714285715,67.6190476190476,70.33333333333333,57.095238095238095,43.1904761904762,65.57142857142857,33.904761904761905,41.666666666666664,65.90476190476191,45.142857142857146,43.42857142857142,2.976449779732595,0.0,4.668098964248959,0.0,0.0,0.0,0.0,0.0,0.0,5.940862333977641,0.0,7.2903264296126595,3.3455059625725343,1.8954135676924422,6.695658861533985,0.0,0.0,0.0,5.833060959283507,0.0,0.0,0.0,0.0,2.854339309378775,4.051200719381769,6.64536444524335,4.305343046294084,0.0,3.3301714149362898,0.0,0.6825679433380857,8.683526257078698,4.26050420628492,0.0,0.0,2.264198178446501,3.7948418680627944,3.0275731011404114,0.938477678988945,5.575180004665202,3.712527967904961,1.8557239908439536,0.5937108054723399,0.41625232377401405,1.711823550419752,0.8504045800075613,0.7478623343678045,0.7135264494666861
2012-04-30,29.0952380952381,0.0,15.19047619047619,0.0,0.0,0.0,0.0,0.0,0.0,46.904761904761905,0.0,21.333333333333332,25.71428571428571,12.095238095238095,18.952380952380953,0.0,0.0,0.0,21.571428571428573,0.0,0.0,0.0,0.0,5.571428571428572,9.857142857142856,20.0,14.04761904761905,0.0,34.952380952380956,0.0,44.666666666666664,0.9523809523809524,2.3333333333333335,0.0,0.0,8.952380952380953,58.19047619047618,56.857142857142854,90.47619047619048,60.19047619047618,55.23809523809524,44.52380952380952,66.19047619047619,53.47619047619048,41.285714285714285,66.33333333333333,48.476190476190474,42.57142857142856,3.827429233287269,0.0,4.9270286675306805,0.0,0.0,0.0,0.0,0.0,0.0,10.348907929909338,0.0,4.0727261225223526,5.6335207571573696,5.565439742325864,6.132499666115635,0.0,0.0,0.0,5.890560148304854,0.0,0.0,0.0,0.0,3.530963188280468,5.4080634044171525,7.110412880606852,4.585783424823003,0.0,4.537144103249575,0.0,0.9952036321300742,0.9523809523809522,2.3333333333333335,0.0,0.0,2.803334008719147,3.3600945673411684,3.8756640295242932,0.7513909494508958,4.324160378504806,4.61339591166102,1.9867786893168766,0.7086621216185357,0.46931751128223903,0.9630054612559528,0.5608830406310025,0.7214136935790288,0.7404178814362766
2012-07-31,40.714285714285715,0.0,32.904761904761905,0.0,0.0,0.0,0.0,0.0,0.0,35.047619047619044,0.0,39.42857142857142,9.714285714285715,25.95238095238095,5.428571428571428,0.0,0.0,0.0,14.38095238095238,0.0,0.0,0.0,0.0,26.476190476190478,20.857142857142858,10.095238095238095,24.523809523809522,0.0,47.904761904761905,0.0,63.42857142857142,27.0,14.571428571428571,0.0,0.0,33.476190476190474,57.76190476190476,47.85714285714286,48.952380952380956,51.57142857142858,49.095238095238095,42.23809523809524,63.476190476190474,25.09523809523809,30.61904761904762,62.57142857142858,47.1904761904762,42.333333333333336,2.827926200737361,0.0,6.253598661300714,0.0,0.0,0.0,0.0,0.0,0.0,7.3046911381145465,0.0,5.813913680336047,2.175730527072157,9.15587169492113,2.302299452121301,0.0,0.0,0.0,4.615246607204962,0.0,0.0,0.0,0.0,9.169810776049223,6.3080836299389675,6.546556182422727,5.3553006815220465,0.0,6.392022655351343,0.0,0.8686800542671272,6.272472988554995,4.261519929812374,0.0,0.0,5.855584855169636,3.868760465893457,3.0858457503079104,0.7859985095140889,2.693134588512756,2.5682528715117905,2.438849259341047,0.48839825192915504,0.2954468385497531,1.3004888475045357,0.5990163621022413,0.7768716985075836,0.672167924554422
2012-10-31,27.0,0.0,7.190476190476191,0.0,0.0,0.0,0.0,0.0,0.0,41.904761904761905,0.0,21.333333333333332,8.761904761904761,24.61904761904762,11.0,0.0,0.0,0.0,10.80952380952381,0.0,0.0,0.0,0.0,12.904761904761905,25.476190476190478,11.38095238095238,7.904761904761905,0.0,16.142857142857142,0.0,42.61904761904761,9.571428571428571,8.619047619047619,0.0,0.0,11.523809523809524,65.76190476190476,59.666666666666664,57.666666666666664,59.23809523809524,47.047619047619044,56.80952380952382,70.09523809523809,22.42857142857143,33.952380952380956,68.90476190476191,50.333333333333336,39.523809523809526,4.192026836519729,0.0,4.327111523576437,0.0,0.0,0.0,0.0,0.0,0.0,6.7622970134542735,0.0,3.88258651828679,3.246323647134453,4.856621225086261,2.995447837969206,0.0,0.0,0.0,4.262557637158944,0.0,0.0,0.0,0.0,3.276912884448661,5.990607917400986,6.378245142499302,3.120449787153172,0.0,2.092381804921424,0.0,0.7461667257034715,4.4096211181850204,3.563718328564977,0.0,0.0,2.665373516409582,4.939695470174963,3.3579841409307427,1.0323959015263353,3.2467183063884395,3.6947531239144573,2.124099132259787,0.7709548949058985,0.22992510117838996,1.3906306307520475,0.7574144323836719,0.8220622931925176,0.5461097699420768
2013-01-31,17.761904761904763,0.0,11.285714285714286,0.0,0.0,0.0,0.0,0.0,0.0,37.523809523809526,0.0,25.047619047619047,17.523809523809522,10.714285714285714,9.428571428571429,0.0,0.0,0.0,20.904761904761905,0.0,0.0,0.0,0.0,16.523809523809522,17.61904761904762,3.2380952380952386,9.0,0.0,22.90476190476191,0.0,36.57142857142858,32.333333333333336,10.523809523809524,0.0,0.0,14.761904761904761,56.38095238095238,58.714285714285715,47.1904761904762,73.0,54.761904761904766,43.61904761904762,62.61904761904761,31.571428571428573,41.57142857142857,62.095238095238095,51.76190476190476,38.666666666666664,3.017172339981922,0.0,5.952113930320205,0.0,0.0,0.0,0.0,0.0,0.0,4.9906712758330185,0.0,4.486179499850057,3.7525879684307917,5.122273974579776,3.6816514273690095,0.0,0.0,0.0,4.910890383371488,0.0,0.0,0.0,0.0,5.199966165112698,5.789722527025727,3.2380952380952377,3.670958649831578,0.0,4.546304055076437,0.0,0.7330109094611584,7.393030732055831,3.681168716069511,0.0,0.0,2.7695096564917923,4.702394851400441,4.160548668673187,0.7094753192823539,4.087578305586231,2.8276976099195594,2.0421736402791475,0.39595898160184984,0.3168651896712735,1.4643103690018835,0.6292271873106091,1.0501733020411255,0.4496256765978434
2013-04-30,24.71428571428571,0.0,2.857142857142857,0.0,0.0,0.0,0.0,0.0,0.0,35.80952380952382,0.0,47.095238095238095,4.761904761904762,19.71428571428571,12.238095238095239,0.0,0.0,0.0,7.714285714285715,0.0,0.0,0.0,0.0,10.047619047619047,27.571428571428573,9.285714285714286,15.66666666666667,0.0,32.57142857142858,0.0,44.52380952380952,18.095238095238095,15.095238095238095,0.0,0.0,12.476190476190476,56.23809523809524,62.0952380952381,46.28571428571428,62.14285714285714,52.76190476190476,47.57142857142858,66.19047619047619,57.095238095238095,41.61904761904761,64.47619047619048,55.28571428571428,39.42857142857143,3.176489308366301,0.0,1.3527497820325516,0.0,0.0,0.0,0.0,0.0,0.0,5.934064359669198,0.0,5.884312648231709,1.932492253016445,5.825414163321945,3.870994004181553,0.0,0.0,0.0,3.454847660125059,0.0,0.0,0.0,0.0,3.2247002700844676,6.141675671354357,3.8431059497354365,5.281112521883693,0.0,3.191778714825238,0.0,0.6930177825538396,5.472829294938098,6.640684165724523,0.0,0.0,3.279313119816486,4.262652715648642,3.4941619014523577,0.6481495274231942,2.790119322276595,3.8862133471003855,1.1400148890750879,0.7016307736666345,0.24582679949943695,1.6009131838778856,0.7238480967353675,0.7759804671987789,0.6837414679497199
2013-07-31,43.142857142857146,0.0,7.0476190476190474,0.0,0.0,0.0,0.0,0.0,0.0,39.666666666666664,0.0,33.23809523809524,2.5238095238095237,10.380952380952381,8.380952380952381,0.0,0.0,0.0,17.761904761904763,0.0,0.0,0.0,0.0,4.571428571428572,7.571428571428572,5.571428571428572,28.19047619047619,0.0,45.19047619047618,0.0,54.38095238095239,14.476190476190476,18.285714285714285,0.0,0.0,25.09523809523809,63.61904761904762,49.666666666666664,36.0,41.61904761904762,38.19047619047619,48.047619047619044,64.09523809523809,24.61904761904762,28.523809523809522,61.8095238095238,49.857142857142854,41.23809523809524,4.058509667911673,0.0,3.347740670473202,0.0,0.0,0.0,0.0,0.0,0.0,5.120044365324395,0.0,5.98641664361945,0.9110060223670947,4.472328227251344,2.5708504539893853,0.0,0.0,0.0,5.049190086935113,0.0,0.0,0.0,0.0,2.460956167593541,2.344321390414946,2.6871379768119072,6.795785957951594,0.0,4.5322191577980275,0.0,0.7893890414041306,4.438682208232435,6.184855695037117,0.0,0.0,4.245309694801915,4.877526123585336,3.078553719004642,0.6246370078717844,3.147991837495874,2.8816926565720404,1.598723695963076,0.7330648922450275,0.3077210543958927,1.1223762210999564,0.6612519737196302,0.7918854537020676,0.6389368677430883
2013-10-31,20.238095238095237,0.0,25.80952380952381,0.0,0.0,0.0,0.0,0.0,0.0,42.333333333333336,0.0,39.0,5.904761904761905,24.571428571428573,10.047619047619047,0.0,0.0,0.0,8.857142857142856,0.0,0.0,0.0,0.0,10.857142857142856,14.904761904761905,0.0,15.380952380952381,0.0,18.523809523809522,0.0,45.666666666666664,12.047619047619046,12.523809523809524,0.0,0.0,14.0,65.90476190476191,57.0,39.238095238095234,52.666666666666664,52.047619047619044,43.28571428571428,72.57142857142857,22.333333333333332,35.61904761904762,72.28571428571429,54.714285714285715,34.952380952380956,2.2814483466964908,0.0,7.847191972404623,0.0,0.0,0.0,0.0,0.0,0.0,6.234044939989597,0.0,6.251228128433264,1.499379133251242,6.119452258579084,2.8591278201522385,0.0,0.0,0.0,3.3526491040304776,0.0,0.0,0.0,0.0,3.257949580252969,4.981668716478159,0.0,4.179499378985264,0.0,2.938644349770961,0.0,0.6484566445649772,4.521750429177963,6.250931948281116,0.0,0.0,3.5324874840013556,4.215792665878577,3.2026337379755963,0.5908433641550146,4.166263379356275,2.404439617458808,1.5998871827293248,0.5118088602063041,0.26303465197603115,1.2235635685149069,0.848605370620081,0.9546022060606164,0.5100004759263336
2014-01-31,18.38095238095238,0.0,20.61904761904762,0.0,0.0,0.0,0.0,0.0,0.0,49.42857142857142,0.0,29.047619047619047,20.333333333333332,12.428571428571429,18.0,0.0,0.0,0.0,19.952380952380953,0.0,0.0,0.0,0.0,17.28571428571429,14.142857142857144,8.761904761904761,14.619047619047619,0.0,24.38095238095238,0.0,43.42857142857142,10.047619047619046,6.428571428571428,0.0,0.0,4.857142857142857,62.57142857142858,61.71428571428572,43.857142857142854,59.04761904761906,51.476190476190474,41.61904761904762,69.3809523809524,28.142857142857142,39.42857142857142,66.61904761904762,57.85714285714286,40.666666666666664,2.3006607663822116,0.0,5.330710842358884,0.0,0.0,0.0,0.0,0.0,0.0,5.060097971981844,0.0,4.990326739720793,4.47568439102394,6.253681349516701,4.245583813675521,0.0,0.0,0.0,4.586057387437211,0.0,0.0,0.0,0.0,3.570599198634545,2.1893086359729708,4.231914971648691,3.8052726291661916,0.0,3.0650758552586965,0.0,0.6106760268868385,3.691295421262169,2.998865998825483,0.0,0.0,1.168580719894058,5.313771462362542,3.6331755006091306,0.7365359770302552,3.524112260504919,3.628107832048981,1.4164796620560882,0.5106050825420448,0.22979723135002628,1.3627427012010351,0.7337767245002649,0.9949622283224767,0.5470843538635898
2014-04-30,25.952380952380953,0.0,11.571428571428571,0.0,0.0,0.0,0.0,0.0,0.0,32.952380952380956,0.0,31.809523809523807,14.523809523809524,21.61904761904762,18.38095238095238,0.0,0.0,0.0,8.904761904761905,0.0,0.0,0.0,0.0,10.571428571428571,33.76190476190476,13.904761904761903,28.90476190476191,0.0,39.19047619047619,0.0,49.714285714285715,24.428571428571427,16.61904761904762,0.0,0.0,21.38095238095238,69.04761904761904,57.71428571428572,42.0,64.33333333333333,59.666666666666664,49.142857142857146,74.95238095238095,53.76190476190476,43.04761904761906,73.42857142857143,60.76190476190476,42.76190476190476,3.0724816810366486,0.0,4.768430813664685,0.0,0.0,0.0,0.0,0.0,0.0,5.978624755536184,0.0,4.961566889134512,4.118484194681796,8.056587916798822,3.899549256117375,0.0,0.0,0.0,3.551678185647534,0.0,0.0,0.0,0.0,4.2770683362887505,5.656692452216455,6.943992757797036,4.2752796645799185,0.0,4.742429685531934,0.0,0.6195956356492021,4.094020466798601,3.150303865320103,0.0,0.0,2.2270145990463486,4.277454116628749,3.4774146069759393,0.7212169650206524,2.944969383168362,3.375910207796128,1.5428334398158972,0.6294706172297903,0.47680504404648943,1.3404602912141614,0.716907164919233,0.9013741174147301,0.5775666712036075
2014-07-31,44.57142857142858,0.0,12.428571428571429,0.0,0.0,0.0,0.0,0.0,0.0,43.333333333333336,0.0,40.523809523809526,13.95238095238095,21.333333333333332,9.761904761904761,0.0,0.0,0.0,13.61904761904762,0.0,0.0,0.0,0.0,11.80952380952381,20.857142857142858,17.333333333333332,43.76190476190476,0.0,45.61904761904762,0.0,73.23809523809524,16.333333333333332,9.95238095238095,0.0,0.0,19.80952380952381,67.23809523809524,56.85714285714286,37.38095238095238,41.904761904761905,47.333333333333336,40.23809523809524,71.52380952380952,25.28571428571429,31.33333333333333,68.71428571428572,60.0952380952381,45.61904761904762,2.799625556528112,0.0,4.102037912690828,0.0,0.0,0.0,0.0,0.0,0.0,6.613230816260813,0.0,6.403555077055189,3.437654066368761,6.901877578452942,2.344359320239684,0.0,0.0,0.0,4.102415359473834,0.0,0.0,0.0,0.0,4.471774653036744,4.051825563719127,6.373452395531807,5.410145548361058,0.0,3.5958994162532334,0.0,0.8261913977553919,5.543914845813478,4.177037679786013,0.0,0.0,2.96900546646701,4.595762878692672,3.125335443051098,0.6093127723015997,2.0585555625145484,3.246833062383557,1.2745048149980247,0.7443707124719864,0.2856675429079565,0.9365243084553989,0.7131029082376473,1.1557379968315773,0.6885297201851946
2014-10-31,21.238095238095237,0.0,9.714285714285715,0.0,0.0,0.0,0.0,0.0,0.0,40.095238095238095,0.0,36.904761904761905,16.142857142857142,21.428571428571427,8.238095238095239,0.0,0.0,0.0,17.380952380952383,0.0,0.0,0.0,0.0,22.80952380952381,13.571428571428571,5.285714285714286,13.380952380952381,0.0,21.761904761904763,0.0,49.52380952380952,13.38095238095238,9.428571428571429,0.0,0.0,14.380952380952381,64.95238095238095,64.61904761904762,46.38095238095238,55.57142857142858,45.8095238095238,53.666666666666664,80.52380952380952,23.523809523809522,36.904761904761905,77.57142857142857,62.28571428571428,38.714285714285715,2.9882700540129625,0.0,3.16294662425365,0.0,0.0,0.0,0.0,0.0,0.0,5.693626828496686,0.0,6.674400294356416,3.65873865887999,6.505350536619293,2.0854281839695195,0.0,0.0,0.0,5.507996077012997,0.0,0.0,0.0,0.0,6.10348351716688,4.877400846580781,3.9883843645856216,3.7493266890890564,0.0,3.5067878404338457,0.0,0.8484264577773293,4.405706818830179,4.159177286223927,0.0,0.0,3.9625926457053033,4.109144383178935,3.4451207788007294,0.7941306925277459,3.688107044394434,3.0189090948000565,1.6189939932876978,0.5733794626718106,0.21282209646080896,1.253786699061104,0.9621756706378144,0.9590323613221811,0.43033148291193535
2015-01-31,17.666666666666668,0.0,7.761904761904762,0.0,0.0,0.0,0.0,0.0,0.0,26.476190476190478,0.0,24.571428571428573,14.0,8.761904761904761,12.333333333333334,0.0,0.0,0.0,17.80952380952381,0.0,0.0,0.0,0.0,6.571428571428572,25.61904761904762,13.666666666666666,24.0952380952381,0.0,21.047619047619047,0.0,44.904761904761905,9.333333333333334,13.523809523809524,0.0,0.0,7.80952380952381,60.76190476190476,71.23809523809524,45.85714285714286,65.33333333333333,60.142857142857146,51.14285714285714,74.23809523809524,28.71428571428571,39.476190476190474,71.23809523809524,63.42857142857142,48.714285714285715,3.1950008990150027,0.0,3.7829682145344954,0.0,0.0,0.0,0.0,0.0,0.0,4.321928098242204,0.0,3.8312981772699763,3.2904610766694358,3.770006699491572,3.255878559149515,0.0,0.0,0.0,5.129947485241183,0.0,0.0,0.0,0.0,3.6607820401613327,5.151910120824078,6.862824960385189,6.300518119494021,0.0,4.340121292774365,0.0,0.9374554473093321,3.210696215060912,3.522994881792782,0.0,0.0,2.4214265738778167,4.509050701307786,3.5018229672478376,0.7447671558745986,3.8370614621499697,3.3598562420810665,1.4834196744986248,0.5219647423738568,0.28133339878569347,1.1282904530593647,1.0372351151456396,0.8726316308348668,0.5224751197923654
2015-04-30,22.57142857142857,0.0,15.952380952380954,0.0,0.0,0.0,0.0,0.0,0.0,37.523809523809526,0.0,46.857142857142854,13.619047619047619,21.047619047619047,18.238095238095237,0.0,0.0,0.0,21.333333333333332,0.0,0.0,0.0,0.0,20.761904761904763,34.285714285714285,14.619047619047619,13.619047619047619,0.0,37.80952380952381,0.0,49.23809523809524,18.19047619047619,11.095238095238095,0.0,0.0,14.428571428571429,64.71428571428571,61.0,47.047619047619044,62.857142857142854,66.57142857142857,46.523809523809526,75.52380952380953,51.61904761904762,44.76190476190476,72.71428571428572,66.14285714285715,43.76190476190476,2.2250250544071024,0.0,5.126784348341639,0.0,0.0,0.0,0.0,0.0,0.0,6.370253540584716,0.0,6.487388990337801,3.9740875149787214,6.815774801092162,2.797873982493179,0.0,0.0,0.0,4.75261687009502,0.0,0.0,0.0,0.0,5.790370478330165,7.258046990869302,6.938474558562884,4.350856242730156,0.0,4.215873095390407,0.0,0.7881625667372547,5.728595964486117,2.14958764708197,0.0,0.0,3.2527728827697104,4.084546066401308,2.524079288798562,0.6701794289544593,4.600911717951468,3.5624710118997114,1.4142295795445052,0.8149759331381198,0.5153300151143592,1.2603733283831038,0.9178541688085803,0.9293149572514302,0.6689754392267754
2015-07-31,48.19047619047618,0.0,27.571428571428573,0.0,0.0,0.0,0.0,0.0,0.0,39.142857142857146,0.0,32.42857142857142,7.9523809523809526,23.857142857142858,2.3333333333333335,0.0,0.0,0.0,17.57142857142857,0.0,0.0,0.0,0.0,27.523809523809522,17.142857142857142,20.57142857142857,17.142857142857142,0.0,52.19047619047618,0.0,66.0,12.285714285714285,18.761904761904763,0.0,0.0,21.80952380952381,64.57142857142857,56.61904761904762,41.80952380952382,39.761904761904766,42.1904761904762,53.04761904761906,73.95238095238096,24.38095238095238,34.095238095238095,71.52380952380952,64.85714285714286,47.95238095238094,3.86911158181422,0.0,4.766580677313623,0.0,0.0,0.0,0.0,0.0,0.0,6.660557052490545,0.0,5.053612081778312,3.2854033900760036,8.010749403312447,1.1254907543798864,0.0,0.0,0.0,4.9954681436353106,0.0,0.0,0.0,0.0,8.259477544400129,4.095273611069353,9.03593921725639,4.226832456274212,0.0,6.019737295545542,0.0,1.1461136626439,3.328120137737098,5.761774209724901,0.0,0.0,5.205618058316678,4.285466689361725,2.5780774757732297,0.8909001424676714,3.577470637808188,2.6594285125143924,1.6360214521358578,0.546039562219078,0.20989194075343642,1.079690084095741,0.8417726679430269,1.1251599698035417,0.6620805038948766
2015-10-31,24.333333333333332,0.0,19.904761904761905,0.0,0.0,0.0,0.0,0.0,0.0,41.61904761904762,0.0,22.38095238095238,15.333333333333334,25.0,19.0952380952381,0.0,0.0,0.0,20.142857142857142,0.0,0.0,0.0,0.0,6.857142857142858,20.952380952380953,3.857142857142857,18.476190476190478,0.0,26.857142857142858,0.0,50.19047619047618,14.571428571428571,7.857142857142858,0.0,0.0,8.999999999999998,54.904761904761905,69.90476190476191,40.952380952380956,52.714285714285715,46.28571428571428,57.142857142857146,83.19047619047619,25.90476190476191,60.523809523809526,80.85714285714285,68.66666666666667,39.904761904761905,3.2445795275704596,0.0,4.869848507011732,0.0,0.0,0.0,0.0,0.0,0.0,6.321093038251742,0.0,3.4068274750947496,3.835350533859755,7.254592437320596,3.5196183891749278,0.0,0.0,0.0,5.885275872397226,0.0,0.0,0.0,0.0,2.732945870400377,4.924225185514421,2.534270026138041,4.746320056983295,0.0,4.665645688694368,0.0,0.6025880576254207,4.492623039213449,3.0141200413118825,0.0,0.0,2.402231921324041,2.607671062997826,3.467467463941357,0.6744993318255523,2.49583484779782,2.968385899125721,2.512839260777644,0.7672042096937616,0.30665713574357994,0.9828433606559811,0.8689931609925517,0.77451822543436,0.40628200729183717
2016-01-31,25.333333333333332,0.0,16.19047619047619,0.0,0.0,0.0,0.0,0.0,0.0,35.857142857142854,0.0,21.0,22.952380952380953,24.666666666666668,17.047619047619047,0.0,0.0,0.0,26.80952380952381,0.0,0.0,0.0,0.0,17.952380952380953,6.857142857142857,13.285714285714286,19.047619047619047,0.0,22.571428571428573,0.0,48.1904761904762,14.19047619047619,20.80952380952381,0.0,0.0,7.238095238095237,55.047619047619044,63.47619047619048,41.523809523809526,56.19047619047618,61.47619047619048,45.85714285714286,77.47619047619048,25.61904761904762,44.76190476190476,77.09523809523809,70.38095238095238,50.142857142857146,3.224552723217118,0.0,5.459068019102523,0.0,0.0,0.0,0.0,0.0,0.0,5.020445235968175,0.0,5.050952324447132,5.949188736043651,6.2145807178920585,3.9833500166494624,0.0,0.0,0.0,5.650946536371869,0.0,0.0,0.0,0.0,4.208609986535639,2.698749502692038,6.931710969978396,5.092563308801271,0.0,3.1455877311833045,0.0,0.6531951704236951,2.9308409839107967,6.137907051303119,0.0,0.0,2.082221200829247,2.2897561701036953,3.2008921092182003,0.8142916408215362,3.9714904086395073,3.149856013066748,1.8737056786217092,0.8821954764959344,0.34053790540308165,1.5823362086225725,0.8200075301058316,1.045418075330951,0.801782404983776
2016-04-30,42.333333333333336,0.0,15.523809523809524,0.0,0.0,0.0,0.0,0.0,0.0,60.85714285714286,0.0,43.71428571428572,12.0,32.952380952380956,22.047619047619047,0.0,0.0,0.0,16.9047619047619,0.0,0.0,0.0,0.0,23.476190476190478,19.38095238095238,5.285714285714286,18.523809523809522,0.0,31.952380952380953,0.0,50.857142857142854,12.38095238095238,24.23809523809524,0.0,0.0,14.095238095238095,60.42857142857142,72.28571428571428,39.1904761904762,60.285714285714285,63.47619047619048,46.047619047619044,80.1904761904762,46.333333333333336,47.52380952380952,78.19047619047619,74.19047619047619,54.714285714285715,2.8463978747096874,0.0,4.8908127239724415,0.0,0.0,0.0,0.0,0.0,0.0,6.218473374958518,0.0,7.287640912356132,3.6709070917914914,6.029463667383298,4.300323731204886,0.0,0.0,0.0,5.69984915477172,0.0,0.0,0.0,0.0,5.121649147521406,5.424125346699302,2.5556541438145874,4.482093372053517,0.0,3.244729278794335,0.0,0.8006208063701173,4.5624433377364015,6.799773336403409,0.0,0.0,3.4823230243649754,4.076052364828649,3.5621436841482805,0.7577465151564033,2.6116920456679287,3.7946409321527903,1.8307049502192279,0.6051430167663091,0.5376844391087254,1.902370019475543,0.9382228831582168,1.66067112766442,0.7605902260855499
2016-07-31,62.80952380952382,0.0,21.142857142857142,0.0,0.0,0.0,0.0,0.0,0.0,37.333333333333336,0.0,35.761904761904766,8.857142857142856,32.666666666666664,13.714285714285714,0.0,0.0,0.0,9.38095238095238,0.0,0.0,0.0,0.0,10.714285714285715,22.571428571428573,8.714285714285714,22.90476190476191,0.0,44.57142857142858,0.0,72.52380952380952,6.80952380952381,11.61904761904762,0.0,0.0,25.76190476190476,59.19047619047618,70.09523809523809,36.0,48.714285714285715,47.285714285714285,45.714285714285715,74.04761904761905,21.095238095238095,34.57142857142857,72.33333333333333,67.0,46.61904761904762,3.4105064831626932,0.0,5.197200165326149,0.0,0.0,0.0,0.0,0.0,0.0,4.722628260448183,0.0,5.399748891732291,2.269065904093336,8.534858145832478,3.9026059078422795,0.0,0.0,0.0,3.001278222137105,0.0,0.0,0.0,0.0,4.276696765205671,6.3661709762370196,4.724208884514165,5.4438055416582385,0.0,3.995934448986041,0.0,0.7557403315792737,3.2884301212991764,4.123731763548075,0.0,0.0,4.3094722266508105,3.6893327221896897,3.581456279137799,0.6937551353179302,2.3924326605663557,2.2305658769578294,1.559734094248529,0.46377281684387706,0.31275320684127705,0.706509908696361,0.8062203814270598,0.6045745951955905,0.6327837773320182
2016-10-31,31.85714285714286,0.0,17.952380952380953,0.0,0.0,0.0,0.0,0.0,0.0,30.85714285714286,0.0,20.80952380952381,8.476190476190476,27.857142857142858,11.238095238095235,0.0,0.0,0.0,5.523809523809523,0.0,0.0,0.0,0.0,13.19047619047619,34.285714285714285,3.4761904761904763,13.238095238095239,0.0,18.9047619047619,0.0,49.1904761904762,30.28571428571429,27.76190476190476,0.0,0.0,11.571428571428571,62.8095238095238,65.47619047619048,36.666666666666664,48.523809523809526,43.8095238095238,49.23809523809524,82.42857142857143,21.047619047619047,39.38095238095238,81.3809523809524,71.04761904761905,41.333333333333336,4.12388629793971,0.0,6.843708406035212,0.0,0.0,0.0,0.0,0.0,0.0,5.848696526460053,0.0,4.061243955343687,3.1779833629434955,7.074677180406277,2.783173714973959,0.0,0.0,0.0,2.6058832155414153,0.0,0.0,0.0,0.0,4.762429922520714,9.069957277956714,2.2465224658837335,3.356213817676118,0.0,2.500926482158567,0.0,0.754452752828079,7.3154242439341575,6.794587296487123,0.0,0.0,3.2381274955071295,3.2845641770732388,3.3731886432705576,0.5749235851157873,2.820860631493287,2.8234761645102764,1.8221785539105613,0.6455611337622834,0.222078804616083,1.518485126360039,0.869980060576335,1.2413734492655715,0.49879336566739657
2017-01-31,24.238095238095237,0.0,11.904761904761905,0.0,0.0,0.0,0.0,0.0,0.0,34.38095238095238,0.0,20.904761904761905,6.190476190476191,22.57142857142857,14.428571428571429,0.0,0.0,0.0,19.857142857142858,0.0,0.0,0.0,0.0,11.333333333333334,20.571428571428573,3.5238095238095237,10.04761904761905,0.0,23.80952380952381,0.0,43.952380952380956,7.714285714285714,15.19047619047619,0.0,0.0,11.666666666666666,59.0,66.14285714285715,43.285714285714285,63.666666666666664,55.666666666666664,51.57142857142858,80.14285714285715,25.09523809523809,47.857142857142854,77.66666666666667,74.95238095238096,58.38095238095238,2.7997080223484603,0.0,4.579358955326349,0.0,0.0,0.0,0.0,0.0,0.0,4.475597577879473,0.0,3.8084667394845675,2.340715510986388,6.936645729199802,3.5797779167902544,0.0,0.0,0.0,3.573981270418507,0.0,0.0,0.0,0.0,4.69888768528157,6.588608081779786,2.2931426910160964,3.251758996524186,0.0,3.1570408484857615,0.0,0.4735405407373087,2.2059910401689455,4.902469620179688,0.0,0.0,2.536953090051792,4.728682125499225,4.221382303544381,0.5619651974883925,3.1181278744229726,3.3496900324298644,2.242182371080433,0.6871702772444923,0.33232160098749197,1.239960987267043,0.8800352713527554,1.1497848408354008,0.8364173197211234
2017-04-30,27.71428571428571,0.0,16.9047619047619,0.0,0.0,0.0,0.0,0.0,0.0,28.28571428571429,0.0,26.09523809523809,18.23809523809524,24.428571428571427,16.619047619047617,0.0,0.0,0.0,19.0,0.0,0.0,0.0,0.0,12.904761904761905,27.90476190476191,4.285714285714286,17.142857142857142,0.0,40.57142857142858,0.0,50.952380952380956,13.19047619047619,22.857142857142858,0.0,0.0,12.761904761904761,60.23809523809524,68.76190476190476,41.38095238095238,65.28571428571429,68.85714285714286,51.47619047619048,80.85714285714285,45.095238095238095,50.38095238095238,79.0,73.61904761904763,52.38095238095239,2.8920453075918133,0.0,5.229320453751918,0.0,0.0,0.0,0.0,0.0,0.0,3.837067182486153,0.0,4.512273625839943,2.993583634809442,5.352744562370429,3.629115333076168,0.0,0.0,0.0,4.625050172598396,0.0,0.0,0.0,0.0,3.556676447381937,5.97664679958316,4.285714285714286,4.318898523207364,0.0,5.9619632878493745,0.0,0.7663690490164949,3.719904294720223,7.319825929959862,0.0,0.0,2.5622721318534087,3.7880020923553377,3.893800268332948,0.8342028952684778,3.323972745442339,2.913117891231922,1.4222486336809006,0.7740225138448222,0.48605042755899164,1.7291872325499646,0.9961633873906773,1.2681451449838794,0.6378643636169637
2017-07-31,40.476190476190474,0.0,26.047619047619047,0.0,0.0,0.0,0.0,0.0,0.0,37.904761904761905,0.0,34.42857142857142,9.761904761904761,38.1904761904762,7.0,0.0,0.0,0.0,20.23809523809524,0.0,0.0,0.0,0.0,25.142857142857142,21.42857142857143,4.095238095238096,20.476190476190478,0.0,55.42857142857142,0.0,68.80952380952381,12.0,15.476190476190474,0.0,0.0,21.42857142857143,61.333333333333336,53.952380952380956,40.47619047619048,42.61904761904762,49.95238095238094,52.61904761904762,75.04761904761905,22.76190476190476,36.095238095238095,72.95238095238096,71.66666666666667,69.57142857142857,3.4104266045455844,0.0,6.9844952336095405,0.0,0.0,0.0,0.0,0.0,0.0,6.014837374498604,0.0,4.5382389537818355,3.7101930614166565,7.733039244606335,2.3195634614398783,0.0,0.0,0.0,5.428359383337117,0.0,0.0,0.0,0.0,6.539711896621672,5.771060056025674,2.6524564692449917,4.757709579634475,0.0,5.540340610680005,0.0,0.7611960963699681,4.041472099482183,6.190510687040184,0.0,0.0,3.604434351356128,3.3634839788262867,3.2173461485851824,0.7601688752747998,2.7162327074391635,2.6039990807444164,1.798415553008727,0.6475566361980907,0.26170855056377273,1.0814041211919843,0.7479964010421591,1.038301053850548,0.8752282532450494
2017-10-31,24.42857142857143,0.0,11.476190476190476,0.0,0.0,0.0,0.0,0.0,0.0,31.142857142857142,0.0,24.333333333333332,10.476190476190476,49.142857142857146,15.523809523809524,0.0,0.0,0.0,13.428571428571429,0.0,0.0,0.0,0.0,13.285714285714286,29.0,24.80952380952381,21.857142857142858,0.0,25.57142857142857,0.0,51.8095238095238,15.666666666666666,24.71428571428571,0.0,0.0,8.571428571428571,68.85714285714285,62.285714285714285,42.76190476190476,46.04761904761906,47.76190476190476,47.61904761904762,81.57142857142857,22.76190476190476,42.80952380952382,79.04761904761905,80.04761904761905,44.42857142857142,3.1278611644976047,0.0,4.848054744789295,0.0,0.0,0.0,0.0,0.0,0.0,4.658965470285434,0.0,4.151075670474409,2.561314052885738,9.582902648828698,3.4117946520341675,0.0,0.0,0.0,4.326593326484851,0.0,0.0,0.0,0.0,4.48845381681724,7.9576491262164355,11.29089460553402,4.213302328696764,0.0,2.9754363519833036,0.0,0.9213135375771456,4.931797148594468,7.360771427096611,0.0,0.0,2.0330879135928663,4.395741860580542,2.5340720836747033,0.674342166383909,2.7534586041190896,3.013373603076971,1.490011038252856,0.8094057102753792,0.3193587704764285,1.3091849632669217,0.8960086417189984,1.122194360386121,0.6668377606102154
2018-01-31,21.000000000000004,0.0,14.523809523809524,0.0,0.0,0.0,0.0,0.0,0.0,33.285714285714285,0.0,23.28571428571429,15.14285714285714,25.190476190476193,19.523809523809522,0.0,0.0,0.0,12.761904761904765,0.0,0.0,0.0,0.0,26.761904761904763,16.523809523809522,40.42857142857142,10.761904761904765,0.0,30.190476190476193,0.0,48.38095238095238,9.857142857142858,19.333333333333332,0.0,0.0,12.857142857142856,46.952380952380956,56.333333333333336,56.42857142857142,49.42857142857142,64.33333333333333,46.904761904761905,76.42857142857143,27.142857142857142,45.523809523809526,73.52380952380953,78.23809523809523,59.142857142857146,2.6305484851331724,0.0,5.2340298021687035,0.0,0.0,0.0,0.0,0.0,0.0,4.466400590508492,0.0,4.525254866444211,5.282851194582132,6.137999034014283,4.053389699475657,0.0,0.0,0.0,3.6456899460095387,0.0,0.0,0.0,0.0,6.269494736472805,5.63193331725386,12.47295594404379,3.8353047144883683,0.0,4.157738788117204,0.0,0.6805138038759538,3.144097535168566,5.11791859402208,0.0,0.0,2.1272452003514126,3.400527739329924,2.709949416278855,0.9306744532656722,2.404937495877522,3.0640903904895276,1.3640166349562666,0.6525781658753256,0.23368608846746128,1.4731312163530401,1.0758792511668096,0.8948256862057739,0.5824129480472837
2018-04-30,23.476190476190478,0.0,12.285714285714286,0.0,0.0,0.0,0.0,0.0,0.0,39.52380952380952,0.0,26.28571428571429,9.952380952380953,31.809523809523807,9.809523809523808,0.0,0.0,0.0,14.476190476190474,0.0,0.0,0.0,0.0,21.571428571428573,25.57142857142857,16.0,17.857142857142858,0.0,51.85714285714286,0.0,51.666666666666664,12.666666666666666,21.428571428571427,0.0,0.0,11.714285714285715,54.0952380952381,70.6190476190476,51.333333333333336,53.714285714285715,65.33333333333333,55.285714285714285,80.38095238095238,48.095238095238095,42.857142857142854,77.76190476190476,90.90476190476191,69.14285714285714,1.9721170109212458,0.0,4.217712564478707,0.0,0.0,0.0,0.0,0.0,0.0,5.592443581338066,0.0,5.224305814607623,3.0078147451859425,7.181209416338924,2.9624565922698736,0.0,0.0,0.0,5.325265570854718,0.0,0.0,0.0,0.0,4.2731545293998305,4.9948843455637695,7.75734928458425,3.484270308312395,0.0,4.0621416945347155,0.0,0.6782615964642282,3.6486108416576672,6.050363456742029,0.0,0.0,2.879443070970971,2.4103188764133514,3.7774510438892417,0.8535587356627728,2.9842963225863777,3.706985478106491,1.8203068382989553,0.5435058838440053,0.5125842814145015,1.2438744518679508,0.9200420170833136,1.5089178528643632,0.865308073073677
2018-07-31,43.38095238095238,0.0,17.61904761904762,0.0,0.0,0.0,0.0,0.0,0.0,48.095238095238095,0.0,32.1904761904762,9.428571428571429,27.142857142857142,17.619047619047617,0.0,0.0,0.0,15.238095238095239,0.0,0.0,0.0,0.0,16.952380952380953,27.9047619047619,5.0476190476190474,11.761904761904761,0.0,52.61904761904762,0.0,72.0,16.80952380952381,21.952380952380953,0.0,0.0,15.38095238095238,65.80952380952381,60.71428571428572,43.476190476190474,40.142857142857146,52.14285714285714,43.095238095238095,72.09523809523809,25.28571428571429,33.857142857142854,69.61904761904763,81.57142857142857,57.85714285714286,3.1159126757754065,0.0,5.762785383171714,0.0,0.0,0.0,0.0,0.0,0.0,6.01428880623262,0.0,5.653875808066402,3.5412911348102454,7.449710780858248,2.817717798415284,0.0,0.0,0.0,4.665037533067331,0.0,0.0,0.0,0.0,5.124529851457943,6.355884384648337,3.8716748639278187,3.193359956386278,0.0,4.190921314724172,0.0,0.8453921441550859,4.402757368174136,4.3861259580836345,0.0,0.0,3.0225768476479495,3.3608561323150723,3.1953922155823187,0.9316879309351115,2.7870741361280515,3.0518635207530527,1.6275472141883967,0.7569589600149538,0.2588346002929289,1.2418737551686247,0.7736386383093344,0.9047583906958948,0.45361472315464574
2018-10-31,30.857142857142858,0.0,18.761904761904763,0.0,0.0,0.0,0.0,0.0,0.0,34.0,0.0,29.857142857142858,23.47619047619047,37.14285714285714,9.61904761904762,0.0,0.0,0.0,12.476190476190476,0.0,0.0,0.0,0.0,15.857142857142856,22.333333333333332,13.571428571428571,16.28571428571429,0.0,30.38095238095238,0.0,50.095238095238095,14.761904761904761,5.095238095238095,0.0,0.0,12.047619047619046,56.714285714285715,63.57142857142856,43.333333333333336,47.523809523809526,59.666666666666664,46.904761904761905,82.76190476190476,23.238095238095237,45.23809523809524,81.85714285714285,87.0,44.23809523809524,2.565286977077656,0.0,5.493122297579796,0.0,0.0,0.0,0.0,0.0,0.0,5.830869018867499,0.0,5.017611182080838,4.112603427514373,7.340259441613514,1.6422680647488674,0.0,0.0,0.0,2.7462357752885254,0.0,0.0,0.0,0.0,5.146832688468169,6.515877412340714,4.8593252399108335,4.167781955969933,0.0,4.998402356781502,0.0,0.8539314319337835,4.9192960034659,2.749039688670198,0.0,0.0,3.3430267474467263,3.9815615481387545,2.9007645853878046,0.7026266463310261,3.198111816359816,3.0581977963626525,1.2896532800582994,0.6499767377780402,0.27982646212794504,1.445607691268533,0.8892013117983865,1.2714484686913405,0.6469485487269727
2019-01-31,25.428571428571427,0.0,20.523809523809522,0.0,0.0,0.0,0.0,0.0,0.0,40.00000000000001,0.0,23.57142857142857,12.142857142857144,25.42857142857143,10.904761904761905,0.0,0.0,0.0,7.285714285714286,0.0,0.0,0.0,0.0,17.28571428571429,34.476190476190474,7.238095238095238,21.523809523809522,0.0,24.857142857142858,0.0,46.285714285714285,12.857142857142856,24.80952380952381,0.0,0.0,13.761904761904761,47.76190476190476,64.09523809523809,52.14285714285714,46.142857142857146,49.333333333333336,53.333333333333336,78.52380952380952,27.0,41.714285714285715,75.95238095238095,86.0,62.57142857142858,2.9295267604725486,0.0,4.937395677124264,0.0,0.0,0.0,0.0,0.0,0.0,5.263784234144707,0.0,5.313356630651391,3.6470154685279836,7.048190424489032,3.41125506653082,0.0,0.0,0.0,2.9557251308907957,0.0,0.0,0.0,0.0,3.96919279527746,6.706013139923189,4.33881101059935,4.511931331649227,0.0,2.1246460181833466,0.0,0.5989297899836297,3.1179756066752495,3.8376705213737234,0.0,0.0,2.0165269327472033,3.003410806463991,3.784435752906355,0.6118624247781678,2.631759101194341,2.963182270454965,1.5896427386752798,0.4613924373895157,0.29245861299541986,1.3565765725397856,1.05073100870524,1.1065904501714783,0.6710113642997383
2019-04-30,26.80952380952381,0.0,8.714285714285714,0.0,0.0,0.0,0.0,0.0,0.0,42.333333333333336,0.0,28.52380952380953,9.095238095238095,22.19047619047619,14.809523809523808,0.0,0.0,0.0,13.0,0.0,0.0,0.0,0.0,18.428571428571427,27.61904761904762,2.0952380952380953,17.333333333333332,0.0,38.19047619047619,0.0,51.8095238095238,23.476190476190478,5.761904761904762,0.0,0.0,6.714285714285715,53.38095238095238,61.8095238095238,52.38095238095238,43.28571428571428,54.142857142857146,52.0,79.66666666666667,47.1904761904762,38.61904761904761,78.9047619047619,85.28571428571429,58.047619047619044,2.744903060554389,0.0,3.16541237234339,0.0,0.0,0.0,0.0,0.0,0.0,4.270415646850126,0.0,3.9283231014886817,2.899021856267533,5.448105713821135,2.6619751000758898,0.0,0.0,0.0,3.7350182082109153,0.0,0.0,0.0,0.0,5.532996765977464,8.28803286401939,2.095238095238095,3.591829552946619,0.0,3.056951894901266,0.0,0.7452748736087278,5.86649571687688,2.587073593178245,0.0,0.0,1.581128183913749,4.107181442610703,3.11193201929308,0.7861391057453471,3.158439884653733,2.127672852291068,1.4981150281591453,0.5386285530383018,0.3776583352760324,1.2431486872750022,0.8565464801420312,0.8943403279842053,0.8522342622578583
2019-07-31,49.285714285714285,0.0,22.523809523809522,0.0,0.0,0.0,0.0,0.0,0.0,39.714285714285715,0.0,26.666666666666668,10.761904761904761,32.904761904761905,4.9523809523809526,0.0,0.0,0.0,15.047619047619046,0.0,0.0,0.0,0.0,11.04761904761905,24.142857142857142,3.0,17.809523809523807,0.0,59.61904761904763,0.0,65.28571428571429,10.714285714285714,11.285714285714285,0.0,0.0,17.0,54.19047619047618,60.333333333333336,46.047619047619044,36.857142857142854,49.0,48.761904761904766,71.90476190476191,23.28571428571429,37.285714285714285,69.23809523809524,80.85714285714285,66.0,3.5722431274106783,0.0,6.43003757330823,0.0,0.0,0.0,0.0,0.0,0.0,5.0587738062060446,0.0,3.618632674092256,2.241459554898594,7.280449045720228,1.3991491767456357,0.0,0.0,0.0,4.162800100863713,0.0,0.0,0.0,0.0,3.797311627650661,7.885995084721252,1.9368331759144233,4.024866950321944,0.0,6.216908018954271,0.0,0.7640850204016935,2.451241877532053,3.7798562345499143,0.0,0.0,3.2304225160977524,3.6264995384628826,3.4372037855454476,0.8846288006042693,2.7579408644603345,2.409319091714132,1.7596215194806415,0.7250313094360524,0.29170489093055535,0.8550500527846299,0.8775227231860375,0.9705544162234707,0.8280361237202234
2019-10-31,25.952380952380953,0.0,12.714285714285715,0.0,0.0,0.0,0.0,0.0,0.0,37.285714285714285,0.0,21.333333333333332,11.523809523809524,33.19047619047619,19.666666666666668,0.0,0.0,0.0,12.80952380952381,0.0,0.0,0.0,0.0,25.142857142857142,23.666666666666668,13.952380952380954,17.0,0.0,30.76190476190476,0.0,51.666666666666664,10.904761904761905,20.19047619047619,0.0,0.0,12.952380952380954,54.57142857142858,71.71428571428572,50.42857142857142,41.095238095238095,46.714285714285715,45.1904761904762,88.57142857142857,22.57142857142857,40.714285714285715,87.09523809523809,87.04761904761904,47.85714285714286,3.292398283021527,0.0,3.713401619802802,0.0,0.0,0.0,0.0,0.0,0.0,4.464441297345013,0.0,2.786819879803057,2.8727883449217635,7.609785968371949,3.3655011501853127,0.0,0.0,0.0,2.6422615244315844,0.0,0.0,0.0,0.0,6.41222984286151,6.22823115351612,8.847241803377836,3.951785284475223,0.0,4.912677003896067,0.0,0.7082793920271054,4.0572806579867935,6.644445804146637,0.0,0.0,2.4992517652894484,3.403504173886772,3.8373835291952703,0.8216686525294584,3.6044160181157827,2.881709815472401,1.2393162613879842,0.33294091065135534,0.25880633759374444,1.378895211096424,0.48092880658867027,1.2280504407372559,0.5618368948913363
2020-01-31,19.857142857142858,0.0,17.904761904761905,0.0,0.0,0.0,0.0,0.0,0.0,22.57142857142857,0.0,15.761904761904761,8.0,20.476190476190474,19.619047619047617,0.0,0.0,0.0,12.80952380952381,0.0,0.0,0.0,0.0,17.666666666666668,29.28571428571429,22.80952380952381,9.476190476190476,0.0,17.42857142857143,0.0,45.47619047619048,10.285714285714286,14.0,0.0,0.0,9.714285714285715,50.61904761904762,67.57142857142857,55.666666666666664,42.0,51.19047619047618,52.38095238095238,78.57142857142857,27.142857142857142,42.61904761904761,76.38095238095238,89.0,65.33333333333333,2.286058006332683,0.0,5.98983059484035,0.0,0.0,0.0,0.0,0.0,0.0,3.9331463717782906,0.0,4.28091521321349,2.8030921234662283,4.7841872175162115,3.8925912530734537,0.0,0.0,0.0,4.425828250437452,0.0,0.0,0.0,0.0,3.7647763801079663,5.8389603559794026,8.219072175148575,2.960943966947838,0.0,3.3402189519277576,0.0,0.6983208025946919,3.56819226968396,4.5295295649547995,0.0,0.0,2.3566365618579717,3.4164313551525485,4.176745177649107,0.7895904330825759,1.8437160774700778,2.4527265332650616,1.7127960006780196,0.5904096429985795,0.2896031428317206,1.2491372240026761,0.8135626174244934,1.082284697142577,0.6735027546918565
2020-04-30,9.952380952380953,0.0,14.38095238095238,0.0,0.0,0.0,0.0,0.0,0.0,29.09523809523809,0.0,23.0952380952381,17.761904761904763,41.57142857142858,15.761904761904761,0.0,0.0,0.0,12.428571428571429,0.0,0.0,0.0,0.0,19.0,54.71428571428572,6.761904761904762,4.523809523809524,0.0,17.476190476190478,0.0,44.61904761904761,6.9523809523809526,16.666666666666668,0.0,0.0,8.666666666666666,54.57142857142858,68.90476190476191,55.333333333333336,61.38095238095238,62.333333333333336,74.28571428571429,71.52380952380953,41.0,45.904761904761905,67.66666666666667,80.19047619047619,67.71428571428572,1.868045954687419,0.0,4.419363976291222,0.0,0.0,0.0,0.0,0.0,0.0,4.8819125108881165,0.0,3.5645006335969605,4.783964058557765,7.737142375250461,3.1822122528709773,0.0,0.0,0.0,2.4570218394433074,0.0,0.0,0.0,0.0,4.748394021411938,8.665851814835245,1.825327810979689,1.90136096724993,0.0,2.3322862775315687,0.0,0.756354354993701,2.765794171404627,5.168344163292846,0.0,0.0,2.2987283134009835,3.430697745348196,4.688547333140848,0.7724666096659446,3.119417347459649,3.461681809504615,1.056828828507631,0.5056818709434093,0.31935877047642863,1.1984931872986464,0.9895851189221703,1.0101419366557958,0.7728115013927618
2020-07-31,46.857142857142854,0.0,28.71428571428571,0.0,0.0,0.0,0.0,0.0,0.0,46.0,0.0,28.333333333333332,22.476190476190478,30.14285714285714,15.04761904761905,0.0,0.0,0.0,6.904761904761905,0.0,0.0,0.0,0.0,12.047619047619046,21.19047619047619,16.238095238095237,15.285714285714285,0.0,63.714285714285715,0.0,72.0,13.142857142857144,12.523809523809524,0.0,0.0,58.52380952380952,53.42857142857142,67.09523809523809,50.14285714285714,45.47619047619048,38.666666666666664,67.61904761904762,75.66666666666667,22.857142857142858,34.095238095238095,73.23809523809524,85.52380952380952,70.95238095238095,3.4297713046653118,0.0,6.478030159375159,0.0,0.0,0.0,0.0,0.0,0.0,6.3740865142123,0.0,4.207584595075089,4.3845747247061935,7.778707524953564,3.500778217521283,0.0,0.0,0.0,2.278855400975288,0.0,0.0,0.0,0.0,4.315990966071098,4.412799141519428,4.757987269444813,3.8958895381627756,0.0,4.464975733969495,0.0,0.8249687677556645,4.004465985601649,4.629890740732194,0.0,0.0,4.540595443589969,3.221964148767737,3.250509943209989,0.7433764366078616,2.801403602729831,2.5991537511536094,1.9059508572862274,0.5781867473312912,0.25880633759374444,0.9496643840254929,0.8223106110943489,1.007186824156954,0.8086480257880552
2020-10-31,29.0952380952381,0.0,8.571428571428571,0.0,0.0,0.0,0.0,0.0,0.0,32.904761904761905,0.0,36.523809523809526,15.0,34.52380952380952,9.333333333333334,0.0,0.0,0.0,10.904761904761905,0.0,0.0,0.0,0.0,9.857142857142856,40.42857142857142,27.476190476190478,19.523809523809522,0.0,22.952380952380953,0.0,63.2857142857143,14.904761904761903,14.047619047619046,0.0,0.0,14.476190476190476,64.71428571428572,64.19047619047619,61.904761904761905,43.80952380952382,52.14285714285714,59.142857142857146,82.3809523809524,25.09523809523809,43.857142857142854,80.57142857142857,94.80952380952381,51.61904761904762,2.382825585251107,0.0,3.473191088734886,0.0,0.0,0.0,0.0,0.0,0.0,4.293979549415442,0.0,3.558019537843099,3.8919740441725144,6.559373178535697,1.684522390647808,0.0,0.0,0.0,3.3452199794732533,0.0,0.0,0.0,0.0,4.070551359328113,6.446022086666665,9.257688244984525,4.231279973015044,0.0,2.0568943557069446,0.0,0.7419662305317477,4.560691584978943,2.6687528163229017,0.0,0.0,2.5790124778135968,2.5665401312173244,3.478790941465397,0.7992885130109944,2.8700150723980435,3.0289036130647418,1.7651768689427794,0.5221366966364034,0.2955341905332461,1.7302393607114592,0.8647680634842266,1.0959460227716258,0.7521342520494897
2021-01-31,8.928571428571429,0.0,23.714285714285715,0.0,0.0,0.0,0.0,0.0,0.0,38.71428571428571,0.0,15.428571428571427,19.857142857142858,16.785714285714285,13.0,0.0,0.0,0.0,5.714285714285714,0.0,0.0,0.0,0.0,10.857142857142858,39.5,8.428571428571429,6.142857142857143,0.0,10.285714285714285,0.0,41.78571428571429,14.5,17.42857142857143,0.0,0.0,13.857142857142858,40.92857142857143,65.71428571428571,62.92857142857143,43.85714285714286,48.285714285714285,53.14285714285714,68.78571428571428,25.642857142857142,40.14285714285714,64.92857142857143,84.07142857142857,75.42857142857143,2.022211237085285,0.0,5.897873981796454,0.0,0.0,0.0,0.0,0.0,0.0,3.8334753266900643,0.0,4.154677295852853,4.672469126585726,6.40277173809033,2.0124958782443585,0.0,0.0,0.0,3.006875484070119,0.0,0.0,0.0,0.0,5.551371375625468,7.297312310772106,4.655294696094222,1.7727189476778968,0.0,1.9114142272773629,0.0,0.7245485076364884,3.5099721557109334,4.145993524794818,0.0,0.0,1.895705540349537,2.7173504600909126,3.781333562978346,0.8451442926829076,3.667731051794935,1.605019104549626,1.9714249901546235,0.5296689863717032,0.25585634981940086,1.32443883644086,0.5887600490799489,1.325128841768695,0.2896464616645642
