date,country,Anmeldungen in Deutschland_x,Suche nach Jobs in Deutschland (Google Trends Index)_x,Anmeldungen in Deutschland_y,Suche nach Jobs in Deutschland (Google Trends Index)_y
2010-01-01,Italien,82.65905383360523,123.96345748418834,82.65905383360523,123.96345748418834
2010-02-01,Italien,85.49755301794454,108.78425860857344,84.07830342577489,116.37385804638089
2010-03-01,Italien,121.95758564437193,97.8215038650738,96.7047308319739,110.1897399859452
2010-04-01,Italien,96.16639477977161,81.79901616303584,96.57014681892332,103.09205903021785
2010-05-01,Italien,78.35236541598695,101.194659170766,92.92659053833606,102.71257905832749
2010-06-01,Italien,91.37030995106036,96.13492621222768,92.66721044045677,101.61630358397751
2010-07-01,Italien,91.22349102773246,76.73928320449754,92.46096481006758,98.0624435297661
2010-08-01,Italien,94.06199021207178,127.33661278988055,92.6610929853181,101.7217146872804
2010-09-01,Italien,136.9820554649266,106.25439212930429,97.58564437194127,102.22534551417193
2010-10-01,Italien,145.05709624796086,85.17217146872804,102.33278955954323,100.52002810962755
2010-11-01,Italien,107.61827079934747,123.12016865776529,102.8132878540709,102.57458634127643
2010-12-01,Italien,69.05383360522023,71.67955024595925,100.0,100.0
2011-01-01,Italien,94.06199021207178,126.49332396345747,100.95024469820555,100.21082220660576
2011-02-01,Italien,104.68189233278957,115.53056921995785,102.54893964110931,100.77301475755446
2011-03-01,Italien,136.9820554649266,112.15741391426563,103.80097879282219,101.96767392832045
2011-04-01,Italien,117.1125611745514,113.84399156711173,105.54649265905384,104.63808854532677
2011-05-01,Italien,114.56769983686787,118.90372452565003,108.56443719412725,106.11384399156712
2011-06-01,Italien,113.34420880913541,124.80674631061139,110.39559543230018,108.5031623330991
2011-07-01,Italien,109.5269168026101,119.74701335207307,111.92088091353997,112.08713984539706
2011-08-01,Italien,117.01468189233279,107.94096978215038,113.83360522022839,110.47083626141954
2011-09-01,Italien,167.0309951060359,194.79971890372454,116.33768352365416,117.84961349262123
2011-10-01,Italien,181.41924959216965,169.50105411103306,119.36786296900489,124.87702037947997
2011-11-01,Italien,125.33442088091356,168.65776528460998,120.84420880913541,128.6718200983837
2011-12-01,Italien,94.55138662316477,166.12789880534083,122.96900489396411,136.5425158116655
2012-01-01,Italien,133.9477977161501,220.09838369641602,126.29282218597064,144.34293745607872
2012-02-01,Italien,129.347471451876,218.41180604356992,128.34828711256117,152.9163738580464
2012-03-01,Italien,177.69983686786298,237.80744905130007,131.7414355628059,163.38721011946592
2012-04-01,Italien,166.4437194127243,241.18060435699223,135.85236541598695,173.99859451862264
2012-05-01,Italien,149.55954323001632,290.93464511595226,138.768352365416,188.3345045678145
2012-06-01,Italien,165.36704730831974,258.8896697118763,143.10358890701468,199.5080815179199
2012-07-01,Italien,165.85644371941274,227.68798313422346,147.79771615008158,208.50316233309908
2012-08-01,Italien,165.7585644371941,267.3225579761068,151.85970636215333,221.7849613492621
2012-09-01,Italien,232.7569331158238,357.5544624033732,157.336867862969,235.3478566408995
2012-10-01,Italien,276.3621533442088,274.91215741391426,165.24877650897227,244.13211524947295
2012-11-01,Italien,180.6851549755302,254.6732255797611,169.86133768352366,251.30007027406884
2012-12-01,Italien,119.85318107667212,224.31482782853126,171.96982055464926,256.1489810260014
2013-01-01,Italien,201.87601957585645,402.2487702037948,177.6305057096248,271.3281799016163
2013-02-01,Italien,180.92985318107668,365.98735066760366,181.92903752039152,283.62614195361914
2013-03-01,Italien,233.73572593800978,394.6591707659874,186.59869494290376,296.6971187631764
2013-04-01,Italien,245.28548123980426,387.9128601546029,193.16884176182705,308.9248067463106
2013-05-01,Italien,207.11256117455142,434.29374560787073,197.96492659053834,320.87139845397047
2013-06-01,Italien,227.66721044045676,313.7034434293746,203.15660685154978,325.4392129304287
2013-07-01,Italien,237.21044045677,329.72593113141244,209.10277324632955,333.94237526352777
2013-08-01,Italien,221.35399673735728,357.5544624033732,213.73572593800978,341.4617006324666
2013-09-01,Italien,322.56117455138667,590.302178496135,221.2194127243067,360.8573436401968
2013-10-01,Italien,332.20228384991844,555.7273366127899,225.87275693311585,384.25860857343645
2013-11-01,Italien,238.58075040783032,506.816584680253,230.69738988580752,405.27055516514406
2013-12-01,Italien,166.6394779771615,338.15881939564304,234.59624796084827,414.75755446240345
2014-01-01,Italien,265.54649265905385,489.107519325369,239.9021207177814,421.99578355586794
2014-02-01,Italien,255.41598694942905,489.107519325369,246.10929853181077,432.25579761068167
2014-03-01,Italien,319.8694942903752,504.28671820098384,253.28711256117455,441.39142656359803
2014-04-01,Italien,294.0783034257749,382.00983836964156,257.3531810766721,440.8995080815179
2014-05-01,Italien,242.8384991843393,314.5467322557976,260.3303425774878,430.9205903021785
2014-06-01,Italien,277.73246329526916,322.97962052002816,264.50244698205546,431.693605059733
2014-07-01,Italien,281.30505709624794,418.2712579058328,268.17699836867865,439.0723822909347
2014-08-01,Italien,257.7650897226754,421.6444132115249,271.21125611745515,444.41321152494737
2014-09-01,Italien,397.5856443719413,488.26423049894584,277.46329526916804,435.91004919184826
2014-10-01,Italien,381.28874388254485,430.07730147575546,281.55383360522023,425.4392129304287
2014-11-01,Italien,266.7699836867863,390.4427266338721,283.90293637846656,415.74139142656355
2014-12-01,Italien,204.56769983686786,360.0843288826423,287.06362153344213,417.56851721714685
2015-01-01,Italien,289.5269168026101,427.54743499648634,289.06199021207175,412.43851018973993
2015-02-01,Italien,272.39804241435564,418.2712579058328,290.4771615008156,406.5354884047786
2015-03-01,Italien,348.1566068515498,309.48699929725933,292.83442088091357,390.30217849613496
2015-04-01,Italien,306.5089722675367,269.852424455376,293.87030995106034,380.9557273366128
2015-05-01,Italien,254.1435562805873,290.0913562895292,294.8123980424144,378.91777933942376
2015-06-01,Italien,298.38499184339315,272.38229093464514,296.53344208809136,374.70133520730855
2015-07-01,Italien,286.4926590538336,259.7329585382994,296.9657422512235,361.48981026001405
2015-08-01,Italien,265.0570962479608,317.91988756148976,297.57340946166397,352.8460997891778
2015-09-01,Italien,393.9151712887439,305.2705551651441,297.26753670473084,337.5966268446943
2015-10-01,Italien,377.86296900489396,213.35207308503166,296.98205546492665,319.53619114546734
2015-11-01,Italien,240.0489396411093,206.60576247364722,294.7553017944535,304.21644413211527
2015-12-01,Italien,166.9331158238173,177.93394237526354,291.61908646003263,289.0372452565004
2016-01-01,Italien,277.58564437194127,277.44202389318343,290.62398042414355,276.52846099789184
2016-02-01,Italien,248.12398042414355,248.77020379479973,288.6011419249592,262.4033731553057
2016-03-01,Italien,277.19412724306693,249.61349262122278,282.6876019575857,257.413914265636
2016-04-01,Italien,272.9363784665579,196.4862965565706,279.8898858075041,251.30007027406887
2016-05-01,Italien,230.163132137031,208.29234012649334,277.89151712887445,244.48348559381589
2016-06-01,Italien,237.60195758564439,184.68025298664793,272.826264274062,237.1749824314828
2016-07-01,Italien,224.77977161500817,161.06816584680251,267.6835236541599,228.95291637385802
2016-08-01,Italien,239.7553017944535,205.76247364722414,265.57504078303424,219.6064652143359
2016-09-01,Italien,344.1924959216966,247.08362614195357,261.431484502447,214.7575544624034
2016-10-01,Italien,334.7960848287113,264.7926914968376,257.8425774877651,219.0442726633872
2016-11-01,Italien,233.4910277324633,216.7252283907239,257.2960848287113,219.88756148981022
2016-12-01,Italien,171.92495921696576,138.29936753338018,257.71207177814034,216.58468025298666
2017-01-01,Italien,238.53181076672107,231.0611384399157,254.45758564437196,212.7196064652143
2017-02-01,Italien,239.46166394779772,188.05340829234015,253.73572593800984,207.65987350667604
2017-03-01,Italien,293.5889070146819,199.8594518622628,255.10195758564439,203.51370344342936
2017-04-01,Italien,229.47797716150086,150.10541110330288,251.4804241435563,199.64862965565706
2017-05-01,Italien,228.30342577487767,161.9114546732256,251.32544861337684,195.78355586788473
2017-06-01,Italien,232.12071778140296,158.5382993675334,250.86867862969007,193.60505973295855
2017-07-01,Italien,234.91027732463294,190.58327477160927,251.71288743882545,196.06465214335913
2017-08-01,Italien,237.79771615008158,209.9789177793394,251.54975530179448,196.416022487702
2017-09-01,Italien,332.7406199021207,206.60576247364722,250.59543230016314,193.04286718200981
2017-10-01,Italien,325.2528548123981,169.50105411103306,249.80016313213707,185.10189739985947
2017-11-01,Italien,231.28874388254488,181.30709768095574,249.61663947797717,182.15038650737878
2017-12-01,Italien,169.03752039151715,138.29936753338018,249.37601957585647,182.15038650737878
2018-01-01,Italien,235.49755301794454,266.4792691496838,249.12316476345845,185.10189739985947
2018-02-01,Italien,241.02773246329528,222.62825017568525,249.2536704730832,187.98313422347155
2018-03-01,Italien,281.94127243066885,170.34434293745608,248.2830342577488,185.523541813071
2018-04-01,Italien,267.0146818923328,138.29936753338018,251.4110929853181,184.53970484891076
2018-05-01,Italien,242.34910277324633,162.75474349964864,252.58156606851549,184.60997891777936
2018-06-01,Italien,230.0163132137031,159.38158819395645,252.40619902120716,184.68025298664793
2018-07-01,Italien,226.9820554649266,139.9859451862263,251.74551386623168,180.4638088545327
2018-08-01,Italien,237.0146818923328,149.26212227687984,251.68026101141925,175.4040758959944
2018-09-01,Italien,351.92495921696576,179.6205200281096,253.278955954323,173.1553056921996
2018-10-01,Italien,356.86786296900493,192.26985242445537,255.91353996737357,175.05270555165146
2018-11-01,Italien,238.33605220228384,143.3591004919185,256.5008156606852,171.890372452565
2018-12-01,Italien,161.15823817292008,152.63527758257206,255.84420880913538,173.08503162333102
2019-01-01,Italien,248.76019575856444,178.7772312016866,256.94942903752036,165.77652846099792
2019-02-01,Italien,251.54975530179448,156.8517217146873,257.826264274062,160.29515108924807
2019-03-01,Italien,296.28058727569334,142.51581166549542,259.021207177814,157.9761068165847
2019-04-01,Italien,257.7650897226754,120.59030217849613,258.25040783034257,156.50035137034436
2019-05-01,Italien,213.4257748776509,111.3141250878426,255.84013050570965,152.21363316936052
2019-06-01,Italien,227.6182707993475,127.33661278988055,255.64029363784667,149.54321855235418
2019-07-01,Italien,229.47797716150086,118.90372452565003,255.84828711256117,147.7863668306395
2019-08-01,Italien,225.70962479608485,172.03092059030217,254.9061990212072,149.68376669009135
2019-09-01,Italien,320.8972267536705,175.4040758959944,252.32055464926592,149.33239634574844
2019-10-01,Italien,331.4192495921697,138.29936753338018,250.199836867863,144.83485593815882
2019-11-01,Italien,213.47471451876018,150.10541110330288,248.12805872756937,145.3970484891075
2019-12-01,Italien,156.94942903752042,129.02319044272664,247.77732463295274,143.42937456078707
2020-01-01,Italien,,174.56078706957135,247.68797271244256,143.07800421644413
2020-02-01,Italien,,147.57554462403374,247.30179445350737,142.30498945888968
2020-03-01,Italien,,96.13492621222768,241.8597063621534,138.43991567111735
2020-04-01,Italien,,117.21714687280394,239.87153344208815,138.158819395643
2020-05-01,Italien,,128.1799016163036,243.64949895129345,139.56430077301476
2020-06-01,Italien,,112.15741391426563,246.32137030995113,138.2993675333802
2020-07-01,Italien,,129.8664792691497,249.69004893964114,139.21293042867183
2020-08-01,Italien,,156.00843288826422,255.68515497553025,137.87772312016867
2020-09-01,Italien,,157.69501054111035,233.94779771615015,136.40196767392834
2020-10-01,Italien,,110.47083626141954,185.21207177814037,134.08292340126494
2020-11-01,Italien,,104.5678144764582,156.94942903752056,130.2881236823612
2020-12-01,Italien,,86.01546029515109,,126.70414617006325
2010-01-01,Spanien,64.20224884250753,80.3970223325062,64.20224884250753,80.3970223325062
2010-02-01,Spanien,70.19916219592857,59.553349875930515,67.20070551921805,69.97518610421835
2010-03-01,Spanien,89.15999118100977,59.553349875930515,74.52046740648196,66.50124069478908
2010-04-01,Spanien,71.61020063202763,68.48635235732009,73.79290071286837,66.99751861042182
2010-05-01,Spanien,64.11405894025134,87.84119106699751,71.85713235834496,71.16625310173697
2010-06-01,Spanien,70.02278239141619,111.66253101736969,71.55140736385684,77.91563275434241
2010-07-01,Spanien,86.24972440655544,74.44168734491315,73.65116694138521,77.41935483870967
2010-08-01,Spanien,98.50812082016608,132.50620347394536,76.75828617623282,84.30521091811413
2010-09-01,Spanien,227.00080840743735,107.19602977667493,93.45189975747776,86.84863523573199
2010-10-01,Spanien,206.71713088851328,87.84119106699751,104.77842287058131,86.94789081885855
2010-11-01,Spanien,94.71595502314985,218.85856079404462,103.86365306626936,98.93976990751183
2010-12-01,Spanien,57.49981627103696,111.66253101736969,100.0,99.99999999999999
2011-01-01,Spanien,98.77269052693465,1042.1836228287839,102.88087014036893,180.1488833746898
2011-02-01,Spanien,100.18372896303373,875.4342431761785,105.3795840376277,248.13895781637711
2011-03-01,Spanien,120.02645697067685,351.36476426799004,107.95178952009995,272.4565756823821
2011-04-01,Spanien,106.79797163224809,309.67741935483866,110.88410377011832,292.55583126550863
2011-05-01,Spanien,110.23737782023957,337.96526054590566,114.727713676784,313.39950372208426
2011-06-01,Spanien,103.97589476004995,168.23821339950368,117.55713970750348,318.1141439205955
2011-07-01,Spanien,137.13529800837802,168.23821339950368,121.79760417432203,325.9305210918114
2011-08-01,Spanien,156.5370765047402,214.39205955334987,126.63335048136987,332.7543424317617
2011-09-01,Spanien,323.7451311824796,533.0024813895781,134.69537737929005,368.23821339950365
2011-10-01,Spanien,277.79819210700373,250.12406947890815,140.6187991474976,381.7617866004962
2011-11-01,Spanien,168.35452340706988,217.36972704714637,146.75534651282427,381.63771712158797
2011-12-01,Spanien,119.49731755713971,306.6997518610421,151.92180495333284,397.89081885856075
2012-01-01,Spanien,157.06621591827735,351.36476426799004,156.77959873594475,340.3225806451612
2012-02-01,Spanien,154.4205188505916,281.38957816377166,161.29933122657454,290.818858560794
2012-03-01,Spanien,185.99250385830823,250.12406947890815,166.79650180054384,282.3821339950372
2012-04-01,Spanien,155.83155728669067,323.07692307692304,170.88263393841405,283.49875930521085
2012-05-01,Spanien,159.8001028882193,224.81389578163768,175.01286102741236,274.06947890818856
2012-06-01,Spanien,168.35452340706988,239.7022332506203,180.37774674799735,280.0248138957816
2012-07-01,Spanien,229.91107518189168,312.6550868486352,188.10906151245683,292.0595533498759
2012-08-01,Spanien,251.8703608436834,323.07692307692304,196.05350187403542,301.1166253101737
2012-09-01,Spanien,401.35224516792823,337.96526054590566,202.5207613728228,284.86352357320095
2012-10-01,Spanien,413.6106415815389,272.4565756823821,213.83846549570077,286.7245657568238
2012-11-01,Spanien,219.15190710663626,263.5235732009925,218.0715808039979,290.57071960297765
2012-12-01,Spanien,140.39832439185713,180.1488833746898,219.81333137355773,280.0248138957816
2013-01-01,Spanien,238.28911589622987,269.47890818858554,226.5819063717204,273.2009925558312
2013-02-01,Spanien,217.12353935474388,226.30272952853593,231.80715808039977,268.6104218362282
2013-03-01,Spanien,236.34893804659364,205.45905707196027,236.0035275960902,264.88833746898257
2013-04-01,Spanien,245.69706768574994,196.52605459057068,243.4923201293452,254.34243176178654
2013-05-01,Spanien,202.83677518924083,214.39205955334987,247.07870948776363,253.47394540942923
2013-06-01,Spanien,225.14882046005732,147.39454094292802,251.8115675755126,245.78163771712153
2013-07-01,Spanien,317.3954582200338,147.39454094292802,259.1019328286911,232.0099255583126
2013-08-01,Spanien,293.0550451973249,202.48138957816371,262.53398985816125,221.96029776674936
2013-09-01,Spanien,493.6870728301609,233.74689826302725,270.228558830014,213.27543424317614
2013-10-01,Spanien,378.59925038583077,199.5037220843672,267.3109428970383,207.1960297766749
2013-11-01,Spanien,224.44330124200778,177.17121588089327,267.75189240831924,199.99999999999997
2013-12-01,Spanien,147.27713676784006,138.46153846153845,268.32512677298445,196.52605459057068
2014-01-01,Spanien,252.84044976850151,148.8833746898263,269.5377379290071,186.4764267990074
2014-02-01,Spanien,209.80377746747996,133.99503722084364,268.9277577717351,178.7841191066997
2014-03-01,Spanien,241.111192768428,123.57320099255583,269.324612331888,171.96029776674936
2014-04-01,Spanien,204.2478136253399,111.66253101736969,265.87050782685384,164.8883374689826
2014-05-01,Spanien,213.86051297126477,96.77419354838709,266.7891526420225,155.08684863523573
2014-06-01,Spanien,254.33967810685675,104.2183622828784,269.2217241125891,151.48883374689825
2014-07-01,Spanien,280.79664878371426,113.15136476426797,266.1718233262291,148.63523573200987
2014-08-01,Spanien,265.980745204674,141.43920595533496,263.9156316601749,143.54838709677418
2014-09-01,Spanien,435.3935474388182,116.1290322580645,259.057837877563,133.74689826302728
2014-10-01,Spanien,325.4207393253472,105.70719602977665,254.62629528918936,125.9305210918114
2014-11-01,Spanien,193.4004556478283,113.15136476426797,252.0393914896744,120.59553349875931
2014-12-01,Spanien,154.4205188505916,114.64019851116625,252.63467332990368,118.61042183622827
2015-01-01,Spanien,202.924965091497,113.15136476426797,248.47504960682,115.63275434243174
2015-02-01,Spanien,169.67737194091274,108.68486352357318,245.13118247960608,113.52357320099254
2015-03-01,Spanien,209.18644815168662,101.24069478908186,242.47078709487758,111.6625310173697
2015-04-01,Spanien,175.76247519658997,83.37468982630271,240.09700889248177,109.30521091811413
2015-05-01,Spanien,151.77482178290583,104.2183622828784,234.92320129345185,109.92555831265507
2015-06-01,Spanien,222.1503637833468,87.84119106699751,232.24075843315939,108.56079404466499
2015-07-01,Spanien,281.85492761078854,98.26302729528534,232.32894833541556,107.3200992555831
2015-08-01,Spanien,238.02454618946126,64.0198511166253,229.99926508414785,100.8684863523573
2015-09-01,Spanien,386.0953920776071,92.3076923076923,225.8910854707136,98.88337468982628
2015-10-01,Spanien,303.19688395678696,111.66253101736969,224.03909752333357,99.37965260545904
2015-11-01,Spanien,151.2456823693687,77.41935483870967,220.52619975012863,96.4019851116625
2015-12-01,Spanien,121.08473579775114,66.99751861042182,217.74821782905858,92.43176178660049
2016-01-01,Spanien,191.90122730947306,80.3970223325062,216.8295730138899,89.70223325062034
2016-02-01,Spanien,151.59844197839348,96.77419354838709,215.32299551701328,88.70967741935482
2016-03-01,Spanien,170.55927096347466,80.3970223325062,212.10406408466227,86.97270471464019
2016-04-01,Spanien,151.86301168516204,77.41935483870967,210.11244212537665,86.47642679900743
2016-05-01,Spanien,135.90063937679136,74.44168734491315,208.78959359153376,83.99503722084366
2016-06-01,Spanien,180.43654001616812,69.97518610421835,205.31344161093554,82.5062034739454
2016-07-01,Spanien,224.2669214374954,71.46401985111662,200.51444109649444,80.272952853598
2016-08-01,Spanien,234.5851400014698,86.35235732009924,200.2278239141618,82.13399503722083
2016-09-01,Spanien,357.16910413757626,96.77419354838709,197.81729991915927,82.5062034739454
2016-10-01,Spanien,270.6548100242522,86.35235732009924,195.10546042478134,80.3970223325062
2016-11-01,Spanien,158.12449474535163,56.575682382133984,195.67869478944658,78.66004962779155
2016-12-01,Spanien,124.43595208348643,56.575682382133984,195.95796281325786,77.79156327543423
2017-01-01,Spanien,160.7701918130374,75.9305210918114,193.36370985522157,77.41935483870968
2017-02-01,Spanien,137.92900712868376,41.68734491315136,192.22459028441241,72.82878411910669
2017-03-01,Spanien,148.159035790402,66.99751861042182,190.35790401998972,71.712158808933
2017-04-01,Spanien,118.70360843683399,59.553349875930515,187.59462041596237,70.22332506203473
2017-05-01,Spanien,130.16829573013888,68.48635235732009,187.11692511207465,69.72704714640197
2017-06-01,Spanien,128.84544719629602,61.04218362282877,182.8176673770853,68.98263027295285
2017-07-01,Spanien,162.97493936944218,58.06451612903225,177.71000220474752,67.86600496277914
2017-08-01,Spanien,182.81766737708531,38.709677419354826,173.3960461527155,63.89578163771711
2017-09-01,Spanien,314.3970015433233,65.50868486352356,169.8317042698611,61.290322580645146
2017-10-01,Spanien,253.28139927978245,53.59801488833747,168.38392004115528,58.56079404466501
2017-11-01,Spanien,136.87072830160943,69.97518610421835,166.6127728375101,59.6774193548387
2017-12-01,Spanien,97.2734621885794,75.9305210918114,164.3492320129345,61.29032258064515
2018-01-01,Spanien,147.80627618137723,74.44168734491315,163.26890571029617,61.16625310173696
2018-02-01,Spanien,128.22811788050268,69.97518610421835,162.46049827294775,63.52357320099254
2018-03-01,Spanien,151.2456823693687,69.97518610421835,162.71771882119498,63.77171215880893
2018-04-01,Spanien,136.78253839935326,59.553349875930515,164.22429631807157,63.771712158808924
2018-05-01,Spanien,113.23583449695009,68.48635235732009,162.8132578819725,63.771712158808924
2018-06-01,Spanien,132.02028367751893,71.46401985111662,163.0778275887411,64.64019851116625
2018-07-01,Spanien,169.94194164768132,49.13151364764267,163.65841111192768,63.895781637717114
2018-08-01,Spanien,180.7011097229367,83.37468982630271,163.4820313074153,67.61786600496276
2018-09-01,Spanien,322.7750422576615,71.46401985111662,164.18020136694346,68.11414392059552
2018-10-01,Spanien,253.7223487910634,72.95285359801488,164.21694715955022,69.72704714640197
2018-11-01,Spanien,150.011023737782,74.44168734491315,165.31197177923127,70.09925558312655
2018-12-01,Spanien,103.09399573748806,61.04218362282877,165.79701624164034,68.85856079404466
2019-01-01,Spanien,153.09767031674872,56.575682382133984,166.23796575292127,67.36972704714638
2019-02-01,Spanien,136.95891820386566,102.72952853598014,166.96553244653487,70.09925558312655
2019-03-01,Spanien,162.35761005364884,66.99751861042182,167.89152642022486,69.85111662531017
2019-04-01,Spanien,145.24876901594766,47.642679900744405,168.5970456382744,68.85856079404465
2019-05-01,Spanien,120.73197618872638,66.99751861042182,169.2217241125891,68.73449131513647
2019-06-01,Spanien,132.990372602337,64.0198511166253,169.30256485632393,68.11414392059552
2019-07-01,Spanien,168.08995370030132,77.41935483870967,169.1482325273756,70.4714640198511
2019-08-01,Spanien,180.26016021165577,77.41935483870967,169.11148673476887,69.97518610421837
2019-09-01,Spanien,308.22370838538984,84.86352357320098,167.8988755787462,71.09181141439205
2019-10-01,Spanien,247.90181524215478,83.37468982630271,167.41383111633718,71.96029776674936
2019-11-01,Spanien,144.63143970015432,72.95285359801488,166.96553244653487,71.83622828784118
2019-12-01,Spanien,111.56022635408245,108.68486352357318,167.67105166458438,75.80645161290322
2020-01-01,Spanien,,92.3076923076923,168.99590451438763,78.78411910669975
2020-02-01,Spanien,,69.97518610421835,172.19960314543985,76.0545905707196
2020-03-01,Spanien,,61.04218362282877,173.29315793341664,75.55831265508684
2020-04-01,Spanien,,72.95285359801488,176.79870654810023,77.66749379652605
2020-05-01,Spanien,,89.33002481389578,184.8082394565822,79.52853598014887
2020-06-01,Spanien,,72.95285359801488,193.44455059895643,80.272952853598
2020-07-01,Spanien,,89.33002481389578,198.51546997868746,81.26550868486352
2020-08-01,Spanien,,66.99751861042182,203.07929742044536,80.39702233250618
2020-09-01,Spanien,,92.3076923076923,168.03116043213052,81.01736972704714
2020-10-01,Spanien,,99.7518610421836,128.0958330271184,82.38213399503721
2020-11-01,Spanien,,75.9305210918114,111.56022635408249,82.63027295285359
2020-12-01,Spanien,,75.9305210918114,,79.90074441687344
2010-01-01,Portugal,82.64256777812402,122.69326683291773,82.64256777812402,122.69326683291773
2010-02-01,Portugal,96.10470551573698,68.8279301745636,89.37363664693049,95.76059850374067
2010-03-01,Portugal,116.48488625740106,98.75311720698257,98.41071985042068,96.75810473815464
2010-04-01,Portugal,102.64880024929883,56.85785536159602,99.47023995014023,86.78304239401498
2010-05-01,Portugal,93.48706762231224,104.73815461346636,98.27360548457463,90.37406483790525
2010-06-01,Portugal,90.8694297288875,68.8279301745636,97.03957619196011,86.78304239401497
2010-07-01,Portugal,117.98067933935805,41.89526184538654,100.0311623558741,80.37050231563948
2010-08-01,Portugal,111.06263633530695,128.6783042394015,101.4100966033032,86.40897755610975
2010-09-01,Portugal,132.75163602368337,200.49875311720703,104.89248987223434,99.08561928512056
2010-10-01,Portugal,107.88407603614833,200.49875311720703,105.19164848862575,109.22693266832921
2010-11-01,Portugal,94.04799002804612,38.90274314214464,104.17858862857305,102.83382452958516
2010-12-01,Portugal,54.03552508569648,68.8279301745636,100.0,100.00000000000001
2011-01-01,Portugal,103.58367092552197,380.04987531172077,101.74509192894982,121.44638403990028
2011-02-01,Portugal,114.24119663446555,260.3491271820449,103.25646618884387,137.4064837905237
2011-03-01,Portugal,140.23060143346834,215.46134663341655,105.23527578684947,147.1321695760599
2011-04-01,Portugal,106.01433468370207,149.6259351620948,105.5157369897164,154.86284289276813
2011-05-01,Portugal,130.6949205359925,230.42394014962596,108.61639139918977,165.33665835411475
2011-06-01,Portugal,110.50171392957307,194.51371571072323,110.25241508258024,175.81047381546136
2011-07-01,Portugal,124.52477407291991,134.6633416458853,110.79775631037705,183.5411471321696
2011-08-01,Portugal,140.417575568713,203.4912718204489,113.24400124649424,189.77556109725688
2011-09-01,Portugal,190.713617949517,230.42394014962596,118.07416640698035,192.26932668329184
2011-10-01,Portugal,152.7578684948582,221.44638403990027,121.81364911187285,194.0149625935163
2011-11-01,Portugal,133.12558429417263,230.42394014962596,125.07011530071672,209.9750623441397
2011-12-01,Portugal,88.81271424119663,215.46134663341655,127.96821439700841,222.19451371571077
2012-01-01,Portugal,163.97631660953567,257.356608478803,133.00093487067622,211.97007481296762
2012-02-01,Portugal,172.76410096603303,2094.763092269327,137.87784356497352,364.8379052369078
2012-03-01,Portugal,208.10221252726703,565.5860349127183,143.5338111561234,394.01496259351626
2012-04-01,Portugal,191.0875662200062,377.0573566084789,150.62324711748207,412.9675810473816
2012-05-01,Portugal,180.243066375818,290.2743142144639,154.75225927080086,417.95511221945145
2012-06-01,Portugal,163.78934247429103,362.0947630922694,159.19289498286068,431.920199501247
2012-07-01,Portugal,205.4845746338423,254.36408977556115,165.93954502960423,441.89526184538664
2012-08-01,Portugal,202.11904019943904,329.17705735660854,171.08133374883138,452.3690773067333
2012-09-01,Portugal,241.75755687129947,317.20698254364095,175.3349953256466,459.60099750623453
2012-10-01,Portugal,203.98878155188532,284.2892768079801,179.60423808039886,464.83790523690783
2012-11-01,Portugal,157.05827360548457,299.2518703241896,181.59862885634152,470.5735660847881
2012-12-01,Portugal,108.81894671237144,179.55112219451374,183.2658148956061,467.5810473815463
2013-01-01,Portugal,223.8080398878155,308.22942643391525,188.25179183546274,471.8204488778056
2013-02-01,Portugal,216.8899968837644,415.9600997506235,191.92894982860705,331.92019950124694
2013-03-01,Portugal,228.29541913368647,176.55860349127187,193.61171704580866,299.50124688279305
2013-04-01,Portugal,263.6335306949205,359.1022443890275,199.65721408538482,298.0049875311721
2013-05-01,Portugal,217.63789342474288,149.6259351620948,202.77344967279524,286.284289276808
2013-06-01,Portugal,209.41103147397945,137.6558603491272,206.57525708943595,267.58104738154617
2013-07-01,Portugal,220.44250545341225,206.48379052369083,207.8217513244001,263.5910224438903
2013-08-01,Portugal,232.96977251480212,272.3192019950125,210.3926456840137,258.852867830424
2013-09-01,Portugal,255.0327204736678,209.47630922693273,211.4989093175444,249.8753117206983
2013-10-01,Portugal,207.54129012153317,245.38653366583546,211.7949516983484,246.63341645885293
2013-11-01,Portugal,171.26830788407602,188.52867830423946,212.97912122156433,237.40648379052377
2013-12-01,Portugal,104.51854160174507,188.52867830423946,212.62075412901217,238.1546134663342
2014-01-01,Portugal,211.6547210969149,383.0423940149626,211.60797756310376,244.38902743142148
2014-02-01,Portugal,169.02461826114052,167.58104738154617,207.6191960112184,223.69077306733172
2014-03-01,Portugal,209.59800560922406,122.69326683291773,206.06107821751323,219.20199501246887
2014-04-01,Portugal,155.37550638828296,149.6259351620948,197.0395761919601,201.74563591022448
2014-05-01,Portugal,151.0751012776566,242.39401496259356,191.4926768463696,209.47630922693273
2014-06-01,Portugal,174.8208164537239,248.37905236907739,188.61015892801493,218.70324189526187
2014-07-01,Portugal,201.93206606419443,197.50623441396513,187.0676223122468,217.95511221945142
2014-08-01,Portugal,180.9909629167965,119.70074812967584,182.73605484574634,205.23690773067338
2014-09-01,Portugal,215.39420380180738,158.60349127182047,179.43284512309128,200.997506234414
2014-10-01,Portugal,189.4047990028046,167.58104738154617,177.92147086319724,194.5137157107232
2014-11-01,Portugal,130.32097226550326,116.70822942643393,174.50919289498287,188.52867830423943
2014-12-01,Portugal,96.10470551573698,77.80548628428927,173.8080398878155,179.30174563591027
2015-01-01,Portugal,177.9993767528825,197.50623441396513,171.00342785914617,163.8403990024938
2015-02-01,Portugal,168.0897475849174,161.59600997506237,170.92552196946087,163.3416458852868
2015-03-01,Portugal,178.93424742910562,65.8354114713217,168.37020878778435,158.60349127182047
2015-04-01,Portugal,140.79152383920223,173.56608478802997,167.1548769086943,160.5985037406484
2015-05-01,Portugal,113.68027422873168,131.6708229426434,164.03864132128388,151.37157107231926
2015-06-01,Portugal,148.2704892489872,137.6558603491272,161.82611405422247,142.14463840399006
2015-07-01,Portugal,177.43845434714862,125.68578553615963,159.78497974446867,136.15960099750626
2015-08-01,Portugal,175.0077905889685,122.69326683291773,159.28638205048298,136.40897755610976
2015-09-01,Portugal,203.61483328139607,98.75311720698257,158.30476784044873,131.4214463840399
2015-10-01,Portugal,182.29978186350885,137.6558603491272,157.71268307884074,128.927680798005
2015-11-01,Portugal,98.72234340916172,110.72319201995013,155.07946400747895,128.42892768079804
2015-12-01,Portugal,80.9598005609224,128.6783042394015,153.81738859457772,132.66832917705736
2016-01-01,Portugal,166.4069803677158,128.6783042394015,152.8513555624805,126.93266832917708
2016-02-01,Portugal,135.1822997818635,83.79052369077309,150.10906824555934,120.4488778054863
2016-03-01,Portugal,170.70738547834213,143.640897755611,149.42349641632907,126.93266832917708
2016-04-01,Portugal,157.61919601121843,86.78304239401498,150.82580243066374,119.70074812967584
2016-05-01,Portugal,121.34621377376129,92.76807980049878,151.46463072608287,116.45885286783044
2016-06-01,Portugal,139.48270489248986,140.6483790523691,150.7323153630414,116.70822942643395
2016-07-01,Portugal,122.65503272047367,110.72319201995013,146.16703022748518,115.46134663341648
2016-08-01,Portugal,166.4069803677158,137.6558603491272,145.4502960423808,116.70822942643395
2016-09-01,Portugal,198.19258335930195,89.77556109725687,144.99844188220627,115.96009975062346
2016-10-01,Portugal,162.66749766282328,92.76807980049878,143.36241819881582,112.21945137157108
2016-11-01,Portugal,105.64038641321282,107.73067331670828,143.93892178248674,111.9700748129676
2016-12-01,Portugal,74.97662823309442,77.80548628428927,143.4403240885011,107.73067331670826
2017-01-01,Portugal,153.13181676534745,170.57356608478807,142.33406045497037,111.22194513715714
2017-02-01,Portugal,150.14023060143347,86.78304239401498,143.58055468993456,111.47132169576064
2017-03-01,Portugal,182.67373013399813,125.68578553615963,144.57775007790588,109.97506234413969
2017-04-01,Portugal,116.8588345278903,92.76807980049878,141.18105328762854,110.47381546134665
2017-05-01,Portugal,120.03739482704891,92.76807980049878,141.07198504206917,110.47381546134665
2017-06-01,Portugal,105.07946400747896,83.79052369077309,138.2050483016516,105.73566084788031
2017-07-01,Portugal,123.58990339669677,44.887780548628434,138.28295419133687,100.24937655860352
2017-08-01,Portugal,130.32097226550326,83.79052369077309,135.2757868494858,95.76059850374067
2017-09-01,Portugal,163.22842006855717,98.75311720698257,132.3621065752571,96.50872817955116
2017-10-01,Portugal,149.57930819569958,104.73815461346636,131.27142411966346,97.50623441396512
2017-11-01,Portugal,95.3568089747585,101.74563591022445,130.4144593331256,97.00748129675812
2017-12-01,Portugal,74.78965409784979,101.74563591022445,130.39887815518853,99.00249376558605
2018-01-01,Portugal,126.0205671548769,77.80548628428927,128.13960735431598,91.27182044887782
2018-02-01,Portugal,124.33779993767529,80.79800498753119,125.9894047990028,90.77306733167084
2018-03-01,Portugal,142.10034278591462,89.77556109725687,122.6082891866625,87.78054862842895
2018-04-01,Portugal,131.2558429417264,95.76059850374065,123.8080398878155,88.02992518703245
2018-05-01,Portugal,107.88407603614833,83.79052369077309,122.79526332190714,87.28179551122196
2018-06-01,Portugal,101.71392957307572,98.75311720698257,122.5148021190402,88.5286783042394
2018-07-01,Portugal,112.18448114677469,74.8129675810474,121.56435026488002,91.02244389027435
2018-08-01,Portugal,123.40292926145216,116.70822942643393,120.98784668120909,93.76558603491272
2018-09-01,Portugal,160.2368339046432,143.640897755611,120.73854783421626,97.5062344139651
2018-10-01,Portugal,156.87129947023993,47.880299251870326,121.34621377376129,92.76807980049875
2018-11-01,Portugal,97.22655032720473,116.70822942643393,121.50202555313182,94.01496259351622
2018-12-01,Portugal,80.2119040199439,95.76059850374065,121.95387971330632,93.51620947630924
2019-01-01,Portugal,129.947023995014,95.76059850374065,122.2810844499844,95.01246882793019
2019-02-01,Portugal,124.52477407291991,158.60349127182047,122.29666562792146,101.49625935162096
2019-03-01,Portugal,148.45746338423186,95.76059850374065,122.82642567778123,101.99501246882794
2019-04-01,Portugal,110.68868806481768,65.8354114713217,121.1124961047055,99.50124688279304
2019-05-01,Portugal,98.16142100342785,74.8129675810474,120.3022748519788,98.75311720698255
2019-06-01,Portugal,105.26643814272359,68.8279301745636,120.59831723278279,96.25935162094764
2019-07-01,Portugal,130.13399813025865,59.85037406483792,122.0941103147398,95.01246882793019
2019-08-01,Portugal,112.55842941726392,89.77556109725687,121.19040199439077,92.76807980049877
2019-09-01,Portugal,151.8229978186351,152.61845386533668,120.48924898722343,93.51620947630924
2019-10-01,Portugal,131.2558429417264,185.53615960099756,118.35462760984728,104.98753117206985
2019-11-01,Portugal,102.08787784356497,101.74563591022445,118.75973823621064,103.74064837905239
2019-12-01,Portugal,71.23714552820192,80.79800498753119,118.01184169523215,102.49376558603494
2020-01-01,Portugal,,122.69326683291773,116.92682512252472,104.73815461346635
2020-02-01,Portugal,,125.68578553615963,116.1670302274852,101.99501246882795
2020-03-01,Portugal,,53.86533665835414,112.57920432118001,98.50374064837906
2020-04-01,Portugal,,86.78304239401498,112.8155188532253,100.24937655860352
2020-05-01,Portugal,,95.76059850374065,114.90896140319637,101.99501246882795
2020-06-01,Portugal,,86.78304239401498,116.51604861327517,103.4912718204489
2020-07-01,Portugal,,101.74563591022445,113.79245870987847,106.98254364089779
2020-08-01,Portugal,,128.6783042394015,114.10096603303211,110.22443890274315
2020-09-01,Portugal,,131.6708229426434,101.52695543783112,108.47880299251874
2020-10-01,Portugal,,98.75311720698257,86.66251168588347,101.24688279301746
2020-11-01,Portugal,,140.6483790523691,71.23714552820198,104.48877805486286
2020-12-01,Portugal,,47.880299251870326,,101.74563591022445
2010-01-01,Griechenland,71.7776712985146,59.50890707751564,71.7776712985146,59.50890707751564
2010-02-01,Griechenland,66.21945376137998,62.975445353875784,68.99856252994729,61.24217621569571
2010-03-01,Griechenland,89.12314326784858,13.288396726047184,75.70675610924772,45.25758305247953
2010-04-01,Griechenland,78.7733588883565,113.81800674049107,76.47340680402492,62.39768897448242
2010-05-01,Griechenland,66.98610445615716,105.15166104959076,74.57594633445136,70.94848338950409
2010-06-01,Griechenland,88.9314805941543,46.79826673086181,76.9685353777352,66.92344727973038
2010-07-01,Griechenland,91.23143267848587,127.10640346653825,79.00609213498528,75.52101244927437
2010-08-01,Griechenland,106.08528988979396,179.1044776119403,82.39099185433636,88.4689455946076
2010-09-01,Griechenland,143.65117393387638,180.259990370727,89.19767875206304,98.66795056973199
2010-10-01,Griechenland,154.76760900814566,51.42031776600866,95.75467177767129,93.94318728935966
2010-11-01,Griechenland,134.83469094393868,91.86326432354358,99.30740079278652,93.75410338337637
2010-12-01,Griechenland,107.61859127934834,168.70486278285992,100.0,100.0
2011-01-01,Griechenland,124.38907522759943,156.57197881559944,104.38428366075708,108.08858931150696
2011-02-01,Griechenland,125.73071394345952,170.43813192103997,109.34355534259703,117.04381319210398
2011-03-01,Griechenland,159.84666986104457,166.39383726528646,115.2371825586967,129.80259990370726
2011-04-01,Griechenland,134.45136559655006,130.5729417428984,119.87701645104615,131.1988444872412
2011-05-01,Griechenland,144.22616195495928,188.34857968223398,126.31368790927966,138.13192103996147
2011-06-01,Griechenland,163.29659798754193,153.10544053923925,132.51078102539532,146.99085219065958
2011-07-01,Griechenland,176.80881648298993,197.01492537313433,139.64222967577066,152.8165623495426
2011-08-01,Griechenland,189.74604695735508,293.5002407318247,146.61395943140073,162.34954260953296
2011-09-01,Griechenland,247.43651173933875,210.3033220991815,155.26273758185593,164.8531535869042
2011-10-01,Griechenland,275.1317680881648,335.0987000481464,165.29308417185754,188.4930187770823
2011-11-01,Griechenland,283.2774317201725,231.68030813673565,177.663312569877,200.1444390948483
2011-12-01,Griechenland,254.43219932918066,239.19114106884928,189.89777990736306,206.01829561868078
2012-01-01,Griechenland,260.0862482031624,273.85652383245065,201.20587765532665,215.79200770341836
2012-02-01,Griechenland,243.7949209391471,356.4756860857005,211.04456157163392,231.29513721714008
2012-03-01,Griechenland,264.6861523718256,291.1892152142513,219.78118511419902,241.6947520462205
2012-04-01,Griechenland,237.66171538092954,237.45787193066926,228.3820475962306,250.60182956186804
2012-05-01,Griechenland,257.40297077144226,175.0601829561868,237.81344833093758,249.49446316803082
2012-06-01,Griechenland,254.14470531863918,145.59460760712565,245.3841239418623,248.868560423688
2012-07-01,Griechenland,304.64781983708673,225.32498796340877,256.0373742213704,251.2277323062109
2012-08-01,Griechenland,267.7527551509344,296.3890226287915,262.537933237502,251.4684641309581
2012-09-01,Griechenland,316.5309056061332,281.36735676456425,268.2957993930682,257.39046701974
2012-10-01,Griechenland,373.7422137038812,262.8791526239769,276.51333652771126,251.3721714010592
2012-11-01,Griechenland,280.59415428845233,188.92633606162735,276.2897300750679,247.8093403948002
2012-12-01,Griechenland,207.66650694777192,166.9715936446798,272.3925890432838,241.79104477611938
2013-01-01,Griechenland,283.37326305701964,204.52575830524796,274.3331736144386,236.01348098218583
2013-02-01,Griechenland,232.58265452803067,221.85844968704856,273.3988180801789,224.79537794896484
2013-03-01,Griechenland,240.15333013895543,192.39287433798745,271.3544162274397,216.5623495426095
2013-04-01,Griechenland,254.71969333972208,151.94992778045255,272.7759143906724,209.43668753009146
2013-05-01,Griechenland,203.25826545280304,182.57101588830042,268.2638556141191,210.06259027443426
2013-06-01,Griechenland,234.88260661236225,154.83870967741933,266.65868072192944,210.8329321136254
2013-07-01,Griechenland,289.41063727839,212.61434761675494,265.38891550870466,209.77371208473755
2013-08-01,Griechenland,257.882127455678,250.168512277323,264.56636320076666,205.9220028887819
2013-09-01,Griechenland,343.45951126018207,222.436206066442,266.8104136719374,201.0110736639384
2013-10-01,Griechenland,341.92620987062764,179.68223399133365,264.15908001916625,194.07799711121808
2013-11-01,Griechenland,289.6022999520843,204.52575830524796,264.90975882446895,195.37794896485312
2013-12-01,Griechenland,227.50359367513178,158.88300433317283,266.56284938508225,194.70389985556093
2014-01-01,Griechenland,263.0570196454241,225.90274434280207,264.8698291007826,196.4853153586904
2014-02-01,Griechenland,232.77431720172495,185.45979778526714,264.8858009902571,193.4520943668753
2014-03-01,Griechenland,233.73263057019648,125.37313432835819,264.3507426928606,187.86711603273952
2014-04-01,Griechenland,217.53713464302828,130.5729417428984,261.2521961348027,186.08570052961
2014-05-01,Griechenland,201.43747005270725,98.21858449687048,261.10046318479476,179.05633124699082
2014-06-01,Griechenland,205.07906085289892,177.94896485315357,258.6168343715062,180.9821858449687
2014-07-01,Griechenland,246.86152371825588,108.04044294655752,255.07107490816165,172.2676937891189
2014-08-01,Griechenland,223.86200287494012,145.0168512277323,252.23606452643347,163.50505536831966
2014-09-01,Griechenland,314.42261619549595,175.0601829561868,249.816323271043,159.55705344246508
2014-10-01,Griechenland,313.08097747963586,162.92729898892634,247.412553905127,158.16080885893112
2014-11-01,Griechenland,262.1945376137997,117.86230139624456,245.12857371026996,150.9388541165142
2014-12-01,Griechenland,218.59127934834692,75.6860857005296,244.38588084970453,144.0057775637939
2015-01-01,Griechenland,246.19070436032584,111.50698122291767,242.98035457594634,134.47279730380353
2015-02-01,Griechenland,197.31672256827983,103.99614829080403,240.02555502315928,127.68415984593162
2015-03-01,Griechenland,227.2160996645903,121.3288396726047,239.4825107810254,127.3471352912855
2015-04-01,Griechenland,199.23334930522282,90.70775156475685,237.95719533620831,124.0250361097737
2015-05-01,Griechenland,174.89218974604697,94.75204622051034,235.7450886439866,123.73615792007702
2015-06-01,Griechenland,219.5495927168184,127.68415984593162,236.95096629931322,119.5474241694752
2015-07-01,Griechenland,264.8778150455199,214.34761675493496,238.45232390991853,128.40635532017333
2015-08-01,Griechenland,257.11547676090083,205.10351468464134,241.2234467337486,133.41357727491572
2015-09-01,Griechenland,379.39626257786296,153.10544053923925,246.63791726561257,131.58401540683678
2015-10-01,Griechenland,371.6339242932439,115.55127587867116,251.51732950007985,127.63601348098217
2015-11-01,Griechenland,266.4111164350743,94.17428984111699,251.8687110685194,125.6620125180549
2015-12-01,Griechenland,217.53713464302828,136.35050553683197,251.78086567640955,130.71738083774673
2016-01-01,Griechenland,298.8021082894106,139.8170438131921,256.1651493371666,133.07655272026963
2016-02-01,Griechenland,234.2117872544322,123.06210881078476,259.2397380610126,134.66538276360134
2016-03-01,Griechenland,243.6032582654528,131.72845450168512,260.6053346110845,135.53201733269137
2016-04-01,Griechenland,206.2290368950647,123.63986519017813,261.18830857690466,138.2763601348098
2016-05-01,Griechenland,184.1878294202204,165.81608088589311,261.9629452164191,144.1983630235917
2016-06-01,Griechenland,202.4916147580259,119.59557053442464,260.5414470531864,143.52431391429946
2016-07-01,Griechenland,231.72017249640632,131.15069812229177,257.77831017409363,136.59123736157918
2016-08-01,Griechenland,241.59080019166268,153.10544053923925,256.4845871266571,132.25806451612902
2016-09-01,Griechenland,313.3684714901773,146.17236398651903,250.98227120268325,131.68030813673565
2016-10-01,Griechenland,296.3104935313848,168.1271064034665,244.70531863919504,136.06162734713527
2016-11-01,Griechenland,276.0900814566363,132.30621088107847,245.51189905765852,139.23928743379872
2016-12-01,Griechenland,212.36224245328225,119.59557053442464,245.08065804184636,137.8430428502648
2017-01-01,Griechenland,229.03689506468618,153.10544053923925,239.26689027311932,138.95040924410205
2017-02-01,Griechenland,207.09151892668905,178.52672123254695,237.00686791247406,143.57246027924893
2017-03-01,Griechenland,232.96597987541924,146.17236398651903,236.12042804663793,144.77611940298507
2017-04-01,Griechenland,183.4211787254432,113.24025036109772,234.21977319916945,143.90948483389505
2017-05-01,Griechenland,216.77048394825107,101.6851227732306,236.9349944098387,138.5652383245065
2017-06-01,Griechenland,207.37901293723047,129.4174289841117,237.34227759143906,139.3837265286471
2017-07-01,Griechenland,236.41590800191662,80.30813673567646,237.73358888356492,135.1468464130958
2017-08-01,Griechenland,247.81983708672738,191.81511795859413,238.25267529148698,138.37265286470873
2017-09-01,Griechenland,293.14805941542886,169.8603755416466,236.56764095192466,140.346653827636
2017-10-01,Griechenland,315.8600862482031,117.86230139624456,238.19677367832617,136.15792007703416
2017-11-01,Griechenland,277.6233828461907,125.37313432835819,238.32454879412236,135.5801636976408
2017-12-01,Griechenland,207.09151892668905,88.39672604718344,237.88532183357293,132.9802599903707
2018-01-01,Griechenland,241.3033061811212,139.8170438131921,238.9075227599425,131.87289359653346
2018-02-01,Griechenland,202.4916147580259,133.46172363986517,238.5241974125539,128.11747713047663
2018-03-01,Griechenland,224.62865356971727,106.30717380837747,237.82942022041206,124.79537794896483
2018-04-01,Griechenland,209.10397700047915,127.10640346653825,239.9696534099984,125.95089070775155
2018-05-01,Griechenland,200.19166267369428,87.81896966779009,238.58808497045197,124.79537794896483
2018-06-01,Griechenland,223.19118351701007,72.21954742416948,239.9057658521003,120.02888781896966
2018-07-01,Griechenland,236.32007666506948,107.46268656716418,239.89777990736306,122.29176697159363
2018-08-01,Griechenland,232.29516051748922,186.61531054405393,238.60405685992654,121.85844968704862
2018-09-01,Griechenland,303.30618112122664,177.3712084737602,239.45056700207633,122.48435243139141
2018-10-01,Griechenland,336.9429803545759,85.50794415021666,241.20747484427406,119.78815599422244
2018-11-01,Griechenland,249.2573071394346,119.59557053442464,238.8436352020444,119.30669234472798
2018-12-01,Griechenland,190.991854336368,66.4419836302359,237.5019964861843,117.47713047664901
2019-01-01,Griechenland,240.24916147580257,176.21569571497352,237.4141510940744,120.51035146846412
2019-02-01,Griechenland,206.51653090560615,147.32787674530573,237.74956077303943,121.66586422725084
2019-03-01,Griechenland,218.01629132726404,85.50794415021666,237.19853058616835,119.93259508907077
2019-04-01,Griechenland,212.55390512697653,83.19691863264323,237.48602459670983,116.27347135291285
2019-05-01,Griechenland,190.89602299952085,57.77563793933558,236.71138795719537,113.76986037554165
2019-06-01,Griechenland,185.3378054623862,105.15166104959076,233.55693978597665,116.51420317766008
2019-07-01,Griechenland,208.81648298993773,106.8849301877708,231.26497364638237,116.46605681271063
2019-08-01,Griechenland,198.27503593675132,135.7727491574386,228.42996326465422,112.22917669715935
2019-09-01,Griechenland,271.49017728797315,182.57101588830042,225.77862961188308,112.66249398170437
2019-10-01,Griechenland,280.0191662673694,113.81800674049107,221.0349784379492,115.02166586422724
2019-11-01,Griechenland,233.92429324389076,82.0414058738565,219.75722727998723,111.89215214251323
2019-12-01,Griechenland,162.91327264015334,97.06307173808378,217.4173454719693,114.4439094848339
2020-01-01,Griechenland,,147.32787674530573,215.34172583525722,112.03659123736158
2020-02-01,Griechenland,,110.35146846413096,216.22424532822234,108.95522388059702
2020-03-01,Griechenland,,70.4862782859894,216.02512910610656,107.7034183919114
2020-04-01,Griechenland,,80.8858931150698,216.4590321034978,107.51083293211362
2020-05-01,Griechenland,,116.70678863745788,220.11089054692312,112.42176215695714
2020-06-01,Griechenland,,116.1290322580645,225.90640472767925,113.33654309099661
2020-07-01,Griechenland,,122.48435243139141,229.32438907522754,114.63649494463168
2020-08-01,Griechenland,,105.15166104959076,237.0867273598466,112.08473760231102
2020-09-01,Griechenland,,165.81608088589311,225.61891071713777,110.68849301877708
2020-10-01,Griechenland,,98.21858449687048,198.41878294202195,109.38854116514203
2020-11-01,Griechenland,,97.64082811747711,162.91327264015314,110.68849301877708
2020-12-01,Griechenland,,81.46364949446317,,109.38854116514203
