,date,country,value
0,2008-01-01,LU,209
26,2008-01-01,NL,964
25,2008-01-01,SE,200
24,2008-01-01,PT,447
23,2008-01-01,CZ,562
22,2008-01-01,GR,752
21,2008-01-01,BE,197
20,2008-01-01,PL,9541
18,2008-01-01,ES,572
17,2008-01-01,IT,1643
16,2008-01-01,GB,752
15,2008-01-01,AT,889
14,2008-01-01,HU,2073
19,2008-01-01,RO,3329
12,2008-01-01,CH,387
13,2008-01-01,FR,1041
2,2008-01-01,EE,35
3,2008-01-01,LV,118
4,2008-01-01,SI,96
5,2008-01-01,LT,279
6,2008-01-01,HR,701
1,2008-01-01,CY,12
8,2008-01-01,SK,621
9,2008-01-01,FI,165
10,2008-01-01,DK,173
11,2008-01-01,BG,1859
7,2008-01-01,IE,77
42,2008-02-01,IT,1460
43,2008-02-01,ES,552
44,2008-02-01,PL,8618
45,2008-02-01,RO,3082
46,2008-02-01,NL,883
47,2008-02-01,GB,594
50,2008-02-01,PT,424
49,2008-02-01,CZ,453
51,2008-02-01,SE,176
52,2008-02-01,HU,1766
53,2008-02-01,BE,167
48,2008-02-01,GR,611
41,2008-02-01,AT,779
33,2008-02-01,LV,141
39,2008-02-01,BG,1824
40,2008-02-01,CH,329
28,2008-02-01,FI,97
29,2008-02-01,SK,639
30,2008-02-01,IE,70
31,2008-02-01,LT,222
32,2008-02-01,FR,957
27,2008-02-01,HR,622
34,2008-02-01,EE,39
35,2008-02-01,CY,8
36,2008-02-01,LU,173
37,2008-02-01,DK,167
38,2008-02-01,SI,79
69,2008-03-01,IT,1777
70,2008-03-01,ES,671
71,2008-03-01,PL,8185
72,2008-03-01,FR,1155
74,2008-03-01,RO,3545
77,2008-03-01,PT,478
76,2008-03-01,CZ,610
68,2008-03-01,CH,336
78,2008-03-01,SE,166
79,2008-03-01,HU,1852
80,2008-03-01,BE,180
75,2008-03-01,GR,652
67,2008-03-01,AT,770
73,2008-03-01,NL,829
65,2008-03-01,BG,1874
55,2008-03-01,SK,736
56,2008-03-01,IE,74
57,2008-03-01,HR,587
58,2008-03-01,LT,285
59,2008-03-01,EE,53
54,2008-03-01,FI,167
66,2008-03-01,GB,669
61,2008-03-01,CY,12
62,2008-03-01,LU,210
63,2008-03-01,DK,191
64,2008-03-01,SI,92
60,2008-03-01,LV,158
96,2008-04-01,CH,370
97,2008-04-01,IT,1648
98,2008-04-01,ES,572
99,2008-04-01,PL,11315
100,2008-04-01,RO,4163
103,2008-04-01,CZ,614
102,2008-04-01,BE,187
104,2008-04-01,PT,577
105,2008-04-01,HU,2396
106,2008-04-01,NL,956
95,2008-04-01,FR,1167
101,2008-04-01,GB,767
94,2008-04-01,AT,911
107,2008-04-01,SE,218
92,2008-04-01,BG,2202
81,2008-04-01,FI,178
82,2008-04-01,SK,892
83,2008-04-01,IE,93
84,2008-04-01,HR,990
85,2008-04-01,DK,183
93,2008-04-01,GR,652
87,2008-04-01,LV,189
88,2008-04-01,EE,45
89,2008-04-01,CY,9
90,2008-04-01,LU,210
91,2008-04-01,LT,346
86,2008-04-01,SI,105
123,2008-05-01,GB,540
124,2008-05-01,IT,1280
125,2008-05-01,ES,449
126,2008-05-01,PL,11722
127,2008-05-01,LT,185
130,2008-05-01,GR,560
129,2008-05-01,BE,117
131,2008-05-01,CZ,410
132,2008-05-01,PT,412
133,2008-05-01,RO,5110
122,2008-05-01,FR,742
128,2008-05-01,NL,713
134,2008-05-01,SE,114
121,2008-05-01,AT,723
119,2008-05-01,CY,6
120,2008-05-01,HU,1926
108,2008-05-01,DK,145
109,2008-05-01,FI,67
110,2008-05-01,SK,761
112,2008-05-01,SI,84
111,2008-05-01,IE,70
114,2008-05-01,LV,127
115,2008-05-01,EE,21
116,2008-05-01,LU,174
117,2008-05-01,HR,737
118,2008-05-01,CH,243
113,2008-05-01,BG,1924
153,2008-06-01,RO,5788
150,2008-06-01,CZ,470
151,2008-06-01,GR,547
152,2008-06-01,NL,850
155,2008-06-01,ES,496
149,2008-06-01,PT,427
157,2008-06-01,GB,629
158,2008-06-01,FR,807
159,2008-06-01,AT,734
160,2008-06-01,BE,162
161,2008-06-01,LU,171
156,2008-06-01,IT,1490
148,2008-06-01,HU,2161
154,2008-06-01,PL,16346
146,2008-06-01,CH,320
135,2008-06-01,BG,2098
136,2008-06-01,DK,141
137,2008-06-01,FI,138
138,2008-06-01,SK,1018
139,2008-06-01,HR,752
140,2008-06-01,CY,13
147,2008-06-01,SE,161
142,2008-06-01,SI,77
143,2008-06-01,LV,147
144,2008-06-01,EE,52
145,2008-06-01,IE,108
141,2008-06-01,LT,278
188,2008-07-01,BE,243
177,2008-07-01,BG,2116
178,2008-07-01,ES,602
180,2008-07-01,RO,4205
181,2008-07-01,NL,1179
182,2008-07-01,IT,1592
185,2008-07-01,PT,508
184,2008-07-01,CZ,559
176,2008-07-01,CH,415
186,2008-07-01,SE,202
187,2008-07-01,AT,994
183,2008-07-01,GR,560
175,2008-07-01,HU,2271
179,2008-07-01,PL,11408
173,2008-07-01,FI,118
174,2008-07-01,DK,255
163,2008-07-01,FR,1027
164,2008-07-01,LU,195
165,2008-07-01,CY,7
162,2008-07-01,GB,787
167,2008-07-01,LV,140
166,2008-07-01,EE,52
169,2008-07-01,LT,301
170,2008-07-01,HR,779
171,2008-07-01,IE,92
172,2008-07-01,SK,976
168,2008-07-01,SI,96
205,2008-08-01,IT,1436
206,2008-08-01,ES,652
207,2008-08-01,FR,1160
208,2008-08-01,RO,3689
209,2008-08-01,PL,9241
215,2008-08-01,NL,1196
211,2008-08-01,GR,678
212,2008-08-01,CZ,475
213,2008-08-01,PT,516
214,2008-08-01,SE,213
204,2008-08-01,GB,985
210,2008-08-01,BE,209
203,2008-08-01,AT,898
192,2008-08-01,IE,104
201,2008-08-01,CH,482
202,2008-08-01,HU,2058
189,2008-08-01,DK,265
190,2008-08-01,FI,173
191,2008-08-01,SK,681
194,2008-08-01,LV,160
193,2008-08-01,HR,649
196,2008-08-01,EE,49
197,2008-08-01,CY,20
198,2008-08-01,BG,2007
199,2008-08-01,LT,269
200,2008-08-01,LU,242
195,2008-08-01,SI,97
234,2008-09-01,PL,11037
231,2008-09-01,GB,1419
232,2008-09-01,IT,2365
233,2008-09-01,ES,1798
235,2008-09-01,BG,2368
230,2008-09-01,FR,2279
237,2008-09-01,BE,344
238,2008-09-01,GR,895
239,2008-09-01,CZ,838
240,2008-09-01,PT,673
241,2008-09-01,RO,4687
236,2008-09-01,NL,1152
242,2008-09-01,SE,363
229,2008-09-01,AT,1271
227,2008-09-01,SI,198
216,2008-09-01,DK,354
217,2008-09-01,FI,376
218,2008-09-01,SK,712
219,2008-09-01,IE,209
220,2008-09-01,LU,372
228,2008-09-01,HU,2808
222,2008-09-01,LV,225
223,2008-09-01,EE,94
224,2008-09-01,CY,30
225,2008-09-01,HR,820
226,2008-09-01,CH,716
221,2008-09-01,LT,356
258,2008-10-01,GB,1071
259,2008-10-01,IT,2408
260,2008-10-01,ES,1917
261,2008-10-01,PL,9718
262,2008-10-01,LT,358
265,2008-10-01,GR,1044
264,2008-10-01,BE,298
266,2008-10-01,CZ,897
267,2008-10-01,PT,557
268,2008-10-01,RO,4001
257,2008-10-01,FR,2089
263,2008-10-01,NL,1022
256,2008-10-01,AT,1183
269,2008-10-01,SE,298
254,2008-10-01,CY,36
243,2008-10-01,DK,180
244,2008-10-01,FI,223
245,2008-10-01,SK,715
246,2008-10-01,IE,190
247,2008-10-01,LV,251
255,2008-10-01,HU,2564
249,2008-10-01,BG,2366
250,2008-10-01,EE,80
251,2008-10-01,LU,435
252,2008-10-01,HR,729
253,2008-10-01,CH,537
248,2008-10-01,SI,143
285,2008-11-01,PT,468
286,2008-11-01,CZ,441
287,2008-11-01,GR,759
288,2008-11-01,NL,865
289,2008-11-01,RO,3459
292,2008-11-01,IT,1541
291,2008-11-01,ES,736
293,2008-11-01,GB,691
294,2008-11-01,FR,889
295,2008-11-01,CH,321
284,2008-11-01,HU,2032
290,2008-11-01,PL,7448
296,2008-11-01,BE,164
283,2008-11-01,AT,818
281,2008-11-01,BG,1749
282,2008-11-01,SE,158
270,2008-11-01,FI,67
271,2008-11-01,SK,520
272,2008-11-01,IE,81
274,2008-11-01,SI,87
273,2008-11-01,HR,637
276,2008-11-01,LV,215
277,2008-11-01,EE,49
278,2008-11-01,CY,18
279,2008-11-01,LU,231
280,2008-11-01,LT,229
275,2008-11-01,DK,122
315,2008-12-01,GR,592
312,2008-12-01,SE,128
313,2008-12-01,PT,279
314,2008-12-01,CZ,275
316,2008-12-01,BE,165
311,2008-12-01,HU,1193
318,2008-12-01,RO,1956
319,2008-12-01,PL,4598
320,2008-12-01,ES,480
321,2008-12-01,IT,1169
322,2008-12-01,FR,615
317,2008-12-01,NL,834
310,2008-12-01,AT,656
323,2008-12-01,CY,5
308,2008-12-01,BG,1240
297,2008-12-01,LU,135
298,2008-12-01,GB,516
299,2008-12-01,EE,32
300,2008-12-01,LV,125
301,2008-12-01,SI,72
309,2008-12-01,CH,241
303,2008-12-01,HR,415
304,2008-12-01,IE,46
305,2008-12-01,SK,367
306,2008-12-01,FI,60
307,2008-12-01,DK,101
302,2008-12-01,LT,218
3581,2009-01-01,FI,117
3582,2009-01-01,SK,541
3583,2009-01-01,IE,88
3584,2009-01-01,HR,591
3585,2009-01-01,LT,233
3588,2009-01-01,EE,57
3587,2009-01-01,LV,227
3589,2009-01-01,CY,14
3590,2009-01-01,LU,219
3580,2009-01-01,DK,159
3586,2009-01-01,SI,77
3579,2009-01-01,BG,2115
3578,2009-01-01,CH,395
3564,2009-01-01,FR,1057
3577,2009-01-01,AT,835
3565,2009-01-01,GB,798
3566,2009-01-01,IT,1688
3567,2009-01-01,ES,724
3569,2009-01-01,RO,3256
3570,2009-01-01,NL,855
3568,2009-01-01,PL,7446
3572,2009-01-01,GR,773
3573,2009-01-01,CZ,425
3574,2009-01-01,PT,542
3575,2009-01-01,SE,242
3576,2009-01-01,HU,1914
3571,2009-01-01,BE,197
3610,2009-02-01,IE,73
3607,2009-02-01,DK,201
3608,2009-02-01,FI,80
3609,2009-02-01,SK,605
3611,2009-02-01,HR,637
3606,2009-02-01,BG,2007
3613,2009-02-01,SI,117
3614,2009-02-01,LV,216
3615,2009-02-01,EE,49
3616,2009-02-01,CY,22
3617,2009-02-01,LU,152
3612,2009-02-01,LT,261
3605,2009-02-01,CH,318
3591,2009-02-01,FR,902
3603,2009-02-01,HU,1732
3604,2009-02-01,AT,797
3592,2009-02-01,GB,629
3593,2009-02-01,IT,1731
3594,2009-02-01,ES,747
3596,2009-02-01,RO,3092
3595,2009-02-01,PL,7384
3598,2009-02-01,BE,171
3599,2009-02-01,GR,676
3600,2009-02-01,CZ,421
3601,2009-02-01,PT,572
3602,2009-02-01,SE,173
3597,2009-02-01,NL,805
3637,2009-03-01,IE,105
3634,2009-03-01,DK,256
3635,2009-03-01,FI,196
3636,2009-03-01,SK,756
3638,2009-03-01,HR,773
3633,2009-03-01,BG,2385
3641,2009-03-01,LV,306
3642,2009-03-01,EE,59
3643,2009-03-01,CY,16
3644,2009-03-01,LU,207
3640,2009-03-01,SI,130
3632,2009-03-01,CH,415
3639,2009-03-01,LT,350
3630,2009-03-01,HU,2124
3619,2009-03-01,GB,743
3620,2009-03-01,IT,2256
3621,2009-03-01,ES,883
3622,2009-03-01,PL,9431
3623,2009-03-01,RO,4475
3618,2009-03-01,FR,1253
3631,2009-03-01,AT,955
3625,2009-03-01,BE,199
3626,2009-03-01,GR,789
3627,2009-03-01,CZ,565
3628,2009-03-01,PT,685
3629,2009-03-01,SE,234
3624,2009-03-01,NL,855
3661,2009-04-01,DK,177
3662,2009-04-01,FI,196
3663,2009-04-01,SK,801
3664,2009-04-01,IE,90
3665,2009-04-01,HR,883
3668,2009-04-01,LV,298
3667,2009-04-01,SI,124
3669,2009-04-01,EE,46
3670,2009-04-01,CY,17
3671,2009-04-01,LU,164
3660,2009-04-01,BG,2314
3666,2009-04-01,LT,375
3659,2009-04-01,CH,371
3658,2009-04-01,AT,895
3657,2009-04-01,HU,2113
3646,2009-04-01,GB,778
3647,2009-04-01,IT,1998
3648,2009-04-01,ES,712
3645,2009-04-01,FR,1095
3650,2009-04-01,RO,4666
3649,2009-04-01,PL,9658
3652,2009-04-01,BE,222
3653,2009-04-01,GR,654
3654,2009-04-01,CZ,616
3655,2009-04-01,PT,517
3656,2009-04-01,SE,203
3651,2009-04-01,NL,907
3688,2009-05-01,DK,108
3689,2009-05-01,FI,95
3690,2009-05-01,SK,630
3691,2009-05-01,IE,78
3692,2009-05-01,HR,951
3698,2009-05-01,LU,169
3694,2009-05-01,SI,89
3695,2009-05-01,LV,268
3696,2009-05-01,EE,46
3697,2009-05-01,CY,14
3687,2009-05-01,BG,2078
3693,2009-05-01,LT,270
3686,2009-05-01,CH,288
3679,2009-05-01,BE,132
3684,2009-05-01,HU,1905
3672,2009-05-01,FR,747
3673,2009-05-01,GB,523
3674,2009-05-01,IT,1496
3685,2009-05-01,AT,720
3676,2009-05-01,PL,10400
3675,2009-05-01,ES,634
3678,2009-05-01,NL,624
3680,2009-05-01,GR,563
3681,2009-05-01,CZ,474
3682,2009-05-01,PT,573
3683,2009-05-01,SE,136
3677,2009-05-01,RO,6300
3715,2009-06-01,DK,145
3716,2009-06-01,FI,98
3717,2009-06-01,SK,820
3718,2009-06-01,IE,123
3723,2009-06-01,EE,65
3719,2009-06-01,HR,919
3720,2009-06-01,LT,375
3721,2009-06-01,SI,134
3722,2009-06-01,LV,375
3714,2009-06-01,BG,2373
3725,2009-06-01,LU,152
3713,2009-06-01,CH,341
3706,2009-06-01,BE,166
3711,2009-06-01,HU,2330
3710,2009-06-01,SE,138
3709,2009-06-01,PT,597
3708,2009-06-01,CZ,555
3707,2009-06-01,GR,542
3705,2009-06-01,NL,754
3704,2009-06-01,RO,7986
3703,2009-06-01,PL,15337
3702,2009-06-01,ES,710
3701,2009-06-01,IT,1699
3700,2009-06-01,GB,696
3699,2009-06-01,FR,810
3712,2009-06-01,AT,800
3724,2009-06-01,CY,12
3731,2009-07-01,RO,4701
3727,2009-07-01,GB,874
3726,2009-07-01,FR,893
3752,2009-07-01,LU,165
3751,2009-07-01,CY,15
3750,2009-07-01,EE,72
3749,2009-07-01,LV,517
3748,2009-07-01,SI,105
3747,2009-07-01,LT,438
3745,2009-07-01,IE,135
3744,2009-07-01,SK,940
3743,2009-07-01,FI,104
3742,2009-07-01,DK,219
3741,2009-07-01,BG,2568
3746,2009-07-01,HR,779
3739,2009-07-01,AT,979
3740,2009-07-01,CH,412
3729,2009-07-01,ES,760
3730,2009-07-01,PL,10357
3732,2009-07-01,NL,935
3733,2009-07-01,BE,188
3728,2009-07-01,IT,1543
3735,2009-07-01,CZ,543
3736,2009-07-01,PT,764
3737,2009-07-01,SE,186
3738,2009-07-01,HU,2290
3734,2009-07-01,GR,655
3769,2009-08-01,DK,249
3770,2009-08-01,FI,212
3771,2009-08-01,SK,885
3772,2009-08-01,IE,132
3773,2009-08-01,HR,658
3776,2009-08-01,LV,595
3777,2009-08-01,EE,85
3778,2009-08-01,CY,8
3779,2009-08-01,LU,197
3768,2009-08-01,BG,2604
3775,2009-08-01,SI,112
3767,2009-08-01,CH,514
3774,2009-08-01,LT,414
3765,2009-08-01,HU,2222
3754,2009-08-01,GB,985
3755,2009-08-01,IT,1432
3756,2009-08-01,ES,873
3757,2009-08-01,PL,9519
3758,2009-08-01,RO,4641
3753,2009-08-01,FR,1181
3766,2009-08-01,AT,1050
3760,2009-08-01,BE,204
3761,2009-08-01,GR,639
3762,2009-08-01,CZ,468
3763,2009-08-01,PT,579
3764,2009-08-01,SE,238
3759,2009-08-01,NL,957
3795,2009-09-01,BG,3021
3796,2009-09-01,DK,329
3797,2009-09-01,FI,397
3798,2009-09-01,SK,773
3799,2009-09-01,IE,247
3802,2009-09-01,SI,159
3801,2009-09-01,LT,529
3803,2009-09-01,LV,661
3804,2009-09-01,EE,128
3805,2009-09-01,CY,29
3794,2009-09-01,CH,690
3800,2009-09-01,HR,758
3806,2009-09-01,LU,310
3793,2009-09-01,AT,1275
3791,2009-09-01,SE,373
3792,2009-09-01,HU,2908
3780,2009-09-01,FR,2269
3781,2009-09-01,GB,1443
3782,2009-09-01,IT,2443
3784,2009-09-01,PL,10029
3783,2009-09-01,ES,2290
3786,2009-09-01,NL,904
3787,2009-09-01,BE,343
3788,2009-09-01,GR,1043
3789,2009-09-01,CZ,847
3790,2009-09-01,PT,579
3785,2009-09-01,RO,5226
3826,2009-10-01,IE,160
3823,2009-10-01,DK,197
3824,2009-10-01,FI,213
3825,2009-10-01,SK,756
3827,2009-10-01,HR,758
3822,2009-10-01,BG,3008
3829,2009-10-01,SI,208
3830,2009-10-01,LV,626
3831,2009-10-01,EE,140
3832,2009-10-01,CY,54
3833,2009-10-01,LU,396
3828,2009-10-01,LT,560
3821,2009-10-01,CH,527
3807,2009-10-01,FR,2182
3819,2009-10-01,HU,2532
3808,2009-10-01,GB,1076
3809,2009-10-01,IT,2677
3810,2009-10-01,ES,2097
3812,2009-10-01,RO,4666
3813,2009-10-01,NL,799
3811,2009-10-01,PL,9420
3815,2009-10-01,GR,962
3816,2009-10-01,CZ,860
3817,2009-10-01,PT,502
3818,2009-10-01,SE,242
3814,2009-10-01,BE,346
3820,2009-10-01,AT,1177
3853,2009-11-01,IE,84
3850,2009-11-01,DK,102
3851,2009-11-01,FI,95
3852,2009-11-01,SK,497
3860,2009-11-01,LU,183
3856,2009-11-01,SI,121
3857,2009-11-01,LV,454
3858,2009-11-01,EE,64
3859,2009-11-01,CY,20
3849,2009-11-01,BG,2459
3855,2009-11-01,LT,400
3848,2009-11-01,CH,297
3854,2009-11-01,HR,706
3846,2009-11-01,HU,2056
3847,2009-11-01,AT,867
3835,2009-11-01,GB,595
3836,2009-11-01,IT,1728
3837,2009-11-01,ES,772
3838,2009-11-01,PL,7644
3839,2009-11-01,RO,4131
3834,2009-11-01,FR,800
3841,2009-11-01,BE,175
3842,2009-11-01,GR,791
3843,2009-11-01,CZ,397
3844,2009-11-01,PT,421
3840,2009-11-01,NL,750
3845,2009-11-01,SE,166
3876,2009-12-01,BG,1675
3877,2009-12-01,DK,86
3878,2009-12-01,FI,56
3879,2009-12-01,SK,392
3882,2009-12-01,LT,234
3881,2009-12-01,HR,419
3883,2009-12-01,SI,72
3884,2009-12-01,LV,304
3885,2009-12-01,EE,38
3875,2009-12-01,CH,249
3880,2009-12-01,IE,63
3874,2009-12-01,AT,618
3867,2009-12-01,NL,655
3872,2009-12-01,SE,141
3871,2009-12-01,PT,267
3870,2009-12-01,CZ,274
3869,2009-12-01,GR,629
3868,2009-12-01,BE,180
3866,2009-12-01,RO,2601
3865,2009-12-01,PL,4324
3864,2009-12-01,ES,511
3863,2009-12-01,IT,1419
3862,2009-12-01,GB,457
3861,2009-12-01,FR,631
3873,2009-12-01,HU,1132
3886,2009-12-01,CY,12
3887,2009-12-01,LU,148
349,2010-01-01,CZ,366
350,2010-01-01,BE,195
348,2010-01-01,GR,749
347,2010-01-01,AT,843
346,2010-01-01,GB,670
345,2010-01-01,PT,442
344,2010-01-01,NL,763
343,2010-01-01,SE,218
342,2010-01-01,RO,3853
341,2010-01-01,IT,1689
340,2010-01-01,ES,728
339,2010-01-01,HU,1702
338,2010-01-01,LV,516
324,2010-01-01,LU,158
336,2010-01-01,FI,110
325,2010-01-01,PL,6664
326,2010-01-01,HR,682
327,2010-01-01,SI,105
328,2010-01-01,LT,303
329,2010-01-01,BG,2383
337,2010-01-01,CH,419
331,2010-01-01,IE,84
332,2010-01-01,CY,16
333,2010-01-01,EE,63
334,2010-01-01,FR,905
335,2010-01-01,SK,471
330,2010-01-01,DK,153
368,2010-02-01,AT,806
369,2010-02-01,GR,691
370,2010-02-01,CZ,405
371,2010-02-01,RO,3703
372,2010-02-01,HU,1817
375,2010-02-01,BG,2495
374,2010-02-01,FR,916
376,2010-02-01,IT,1747
377,2010-02-01,SE,171
367,2010-02-01,NL,649
373,2010-02-01,BE,217
366,2010-02-01,PT,514
365,2010-02-01,PL,6736
364,2010-02-01,GB,644
351,2010-02-01,LV,498
353,2010-02-01,CH,289
354,2010-02-01,CY,10
355,2010-02-01,EE,61
356,2010-02-01,ES,796
357,2010-02-01,LU,103
352,2010-02-01,IE,90
359,2010-02-01,SI,143
360,2010-02-01,SK,543
361,2010-02-01,HR,612
362,2010-02-01,FI,107
363,2010-02-01,LT,356
358,2010-02-01,DK,143
395,2010-03-01,IT,2492
396,2010-03-01,BE,237
397,2010-03-01,GR,930
398,2010-03-01,AT,939
399,2010-03-01,CH,396
402,2010-03-01,PL,9496
401,2010-03-01,FR,1215
403,2010-03-01,HU,2393
404,2010-03-01,SE,218
394,2010-03-01,ES,1011
400,2010-03-01,RO,5503
393,2010-03-01,CZ,565
379,2010-03-01,HR,819
391,2010-03-01,PT,623
392,2010-03-01,NL,768
380,2010-03-01,LU,184
381,2010-03-01,LT,632
382,2010-03-01,BG,3364
384,2010-03-01,GB,764
383,2010-03-01,IE,111
386,2010-03-01,CY,15
387,2010-03-01,DK,245
388,2010-03-01,LV,668
389,2010-03-01,SI,185
390,2010-03-01,EE,103
385,2010-03-01,FI,215
378,2010-03-01,SK,692
425,2010-04-01,GB,786
422,2010-04-01,SE,183
423,2010-04-01,SI,147
424,2010-04-01,ES,812
421,2010-04-01,AT,898
427,2010-04-01,HU,2383
428,2010-04-01,FI,140
429,2010-04-01,EE,93
430,2010-04-01,FR,1078
431,2010-04-01,NL,772
426,2010-04-01,BE,213
420,2010-04-01,RO,6081
412,2010-04-01,IE,88
418,2010-04-01,CH,390
419,2010-04-01,IT,1965
406,2010-04-01,BG,3310
407,2010-04-01,GR,822
408,2010-04-01,CZ,611
409,2010-04-01,LV,633
410,2010-04-01,DK,143
405,2010-04-01,CY,9
413,2010-04-01,LU,162
414,2010-04-01,PT,549
415,2010-04-01,LT,518
416,2010-04-01,SK,887
411,2010-04-01,HR,957
417,2010-04-01,PL,10261
448,2010-05-01,PL,10043
449,2010-05-01,GR,699
450,2010-05-01,CZ,567
451,2010-05-01,FI,92
454,2010-05-01,RO,6410
447,2010-05-01,GB,542
455,2010-05-01,IT,1601
457,2010-05-01,SE,156
458,2010-05-01,ES,727
453,2010-05-01,LT,475
446,2010-05-01,FR,758
456,2010-05-01,PT,500
444,2010-05-01,NL,685
445,2010-05-01,BE,182
432,2010-05-01,DK,103
433,2010-05-01,BG,2762
434,2010-05-01,IE,89
435,2010-05-01,EE,66
436,2010-05-01,CY,12
452,2010-05-01,AT,801
438,2010-05-01,SK,684
439,2010-05-01,CH,313
440,2010-05-01,HU,2212
441,2010-05-01,HR,836
442,2010-05-01,LV,569
437,2010-05-01,LU,145
443,2010-05-01,SI,105
474,2010-06-01,RO,10438
475,2010-06-01,FR,914
476,2010-06-01,AT,736
479,2010-06-01,NL,770
478,2010-06-01,PL,17033
483,2010-06-01,PT,486
480,2010-06-01,GR,928
481,2010-06-01,CZ,519
482,2010-06-01,ES,794
477,2010-06-01,IT,1867
473,2010-06-01,HU,2782
469,2010-06-01,SE,152
471,2010-06-01,BE,192
470,2010-06-01,EE,85
468,2010-06-01,LV,615
467,2010-06-01,CH,334
466,2010-06-01,SI,119
464,2010-06-01,BG,3281
463,2010-06-01,IE,117
462,2010-06-01,CY,9
461,2010-06-01,HR,937
460,2010-06-01,SK,907
459,2010-06-01,DK,148
472,2010-06-01,LU,148
465,2010-06-01,FI,101
484,2010-06-01,GB,691
485,2010-06-01,LT,553
486,2010-07-01,HU,2618
512,2010-07-01,AT,1054
511,2010-07-01,GR,952
510,2010-07-01,BE,252
509,2010-07-01,BG,3501
508,2010-07-01,RO,6693
507,2010-07-01,PT,631
506,2010-07-01,PL,10909
505,2010-07-01,CH,390
504,2010-07-01,SE,206
503,2010-07-01,NL,925
502,2010-07-01,IT,1864
501,2010-07-01,IE,109
497,2010-07-01,EE,94
499,2010-07-01,ES,978
500,2010-07-01,LU,132
488,2010-07-01,SK,1041
489,2010-07-01,CY,26
490,2010-07-01,LT,616
491,2010-07-01,LV,700
487,2010-07-01,CZ,543
493,2010-07-01,GB,812
494,2010-07-01,FR,970
495,2010-07-01,DK,240
496,2010-07-01,FI,112
498,2010-07-01,HR,846
492,2010-07-01,SI,124
531,2010-08-01,FR,1303
532,2010-08-01,PL,10317
533,2010-08-01,ES,1117
534,2010-08-01,PT,594
536,2010-08-01,GB,1154
529,2010-08-01,IT,1922
537,2010-08-01,CH,500
538,2010-08-01,GR,1107
539,2010-08-01,SK,742
535,2010-08-01,LT,610
528,2010-08-01,RO,7173
530,2010-08-01,NL,903
514,2010-08-01,CY,29
513,2010-08-01,LV,854
526,2010-08-01,BE,270
515,2010-08-01,IE,142
516,2010-08-01,DK,312
517,2010-08-01,HU,3018
518,2010-08-01,LU,251
527,2010-08-01,EE,130
520,2010-08-01,SE,282
521,2010-08-01,HR,888
522,2010-08-01,FI,158
523,2010-08-01,BG,4013
524,2010-08-01,AT,1174
519,2010-08-01,CZ,518
525,2010-08-01,SI,161
556,2010-09-01,IT,2799
557,2010-09-01,ES,2574
558,2010-09-01,FR,2324
559,2010-09-01,IE,270
563,2010-09-01,BE,447
561,2010-09-01,RO,7509
564,2010-09-01,SI,198
565,2010-09-01,PT,710
566,2010-09-01,CY,45
560,2010-09-01,SE,382
555,2010-09-01,GB,1661
562,2010-09-01,PL,10422
552,2010-09-01,HR,1100
553,2010-09-01,CZ,795
540,2010-09-01,DK,306
541,2010-09-01,FI,443
542,2010-09-01,SK,811
543,2010-09-01,HU,3275
544,2010-09-01,CH,692
554,2010-09-01,BG,4159
546,2010-09-01,LV,865
547,2010-09-01,AT,1278
548,2010-09-01,LU,340
549,2010-09-01,GR,1499
550,2010-09-01,NL,949
545,2010-09-01,EE,153
551,2010-09-01,LT,625
583,2010-10-01,SE,295
584,2010-10-01,IT,2964
585,2010-10-01,GR,1615
586,2010-10-01,EE,152
590,2010-10-01,LT,571
589,2010-10-01,GB,1150
582,2010-10-01,PT,577
591,2010-10-01,PL,9264
593,2010-10-01,ES,2344
587,2010-10-01,CZ,832
581,2010-10-01,RO,6596
592,2010-10-01,NL,857
579,2010-10-01,FR,2164
580,2010-10-01,BE,395
567,2010-10-01,HR,843
568,2010-10-01,LU,382
569,2010-10-01,FI,279
570,2010-10-01,HU,2824
571,2010-10-01,BG,3919
588,2010-10-01,AT,1243
573,2010-10-01,CH,576
574,2010-10-01,CY,41
575,2010-10-01,SI,262
576,2010-10-01,SK,734
577,2010-10-01,IE,191
572,2010-10-01,DK,272
578,2010-10-01,LV,749
611,2010-11-01,HU,2529
612,2010-11-01,GB,755
613,2010-11-01,CY,20
614,2010-11-01,IT,2199
616,2010-11-01,RO,5960
610,2010-11-01,PL,8544
617,2010-11-01,NL,782
618,2010-11-01,GR,1407
619,2010-11-01,FR,971
620,2010-11-01,CH,376
615,2010-11-01,CZ,498
609,2010-11-01,BE,232
605,2010-11-01,FI,90
607,2010-11-01,ES,1074
606,2010-11-01,LV,590
604,2010-11-01,EE,94
603,2010-11-01,AT,898
602,2010-11-01,SE,172
600,2010-11-01,LT,449
599,2010-11-01,SK,586
598,2010-11-01,LU,199
597,2010-11-01,PT,503
596,2010-11-01,HR,910
595,2010-11-01,BG,3656
594,2010-11-01,IE,116
608,2010-11-01,SI,141
601,2010-11-01,DK,140
647,2010-12-01,GR,1123
621,2010-12-01,SI,95
644,2010-12-01,PL,5037
643,2010-12-01,CZ,310
642,2010-12-01,BE,165
641,2010-12-01,CY,15
640,2010-12-01,AT,652
639,2010-12-01,RO,3933
638,2010-12-01,SE,117
637,2010-12-01,PT,289
636,2010-12-01,IT,1411
635,2010-12-01,BG,2272
634,2010-12-01,CH,273
633,2010-12-01,HU,1667
632,2010-12-01,DK,100
631,2010-12-01,FI,65
630,2010-12-01,IE,79
629,2010-12-01,LU,118
628,2010-12-01,GB,510
627,2010-12-01,HR,509
626,2010-12-01,SK,336
625,2010-12-01,LT,299
624,2010-12-01,EE,52
623,2010-12-01,LV,338
622,2010-12-01,NL,595
646,2010-12-01,FR,624
645,2010-12-01,ES,652
648,2011-01-01,FI,139
674,2011-01-01,BG,3536
673,2011-01-01,BE,233
672,2011-01-01,LV,649
671,2011-01-01,SI,136
670,2011-01-01,DK,158
669,2011-01-01,LU,160
668,2011-01-01,CY,27
667,2011-01-01,CH,460
666,2011-01-01,LT,453
665,2011-01-01,EE,70
664,2011-01-01,PL,7806
663,2011-01-01,IE,111
662,2011-01-01,CZ,430
649,2011-01-01,SK,530
661,2011-01-01,IT,1922
650,2011-01-01,HR,713
651,2011-01-01,GR,1298
652,2011-01-01,AT,893
654,2011-01-01,SE,217
655,2011-01-01,PT,554
653,2011-01-01,HU,2088
657,2011-01-01,NL,895
658,2011-01-01,FR,932
659,2011-01-01,RO,5727
660,2011-01-01,ES,1120
656,2011-01-01,GB,752
697,2011-02-01,HR,771
694,2011-02-01,DK,193
695,2011-02-01,IE,124
696,2011-02-01,BG,3734
698,2011-02-01,SK,600
675,2011-02-01,GB,681
700,2011-02-01,RO,5798
701,2011-02-01,LV,581
676,2011-02-01,PT,611
693,2011-02-01,EE,91
699,2011-02-01,LT,472
692,2011-02-01,SI,107
691,2011-02-01,NL,732
678,2011-02-01,IT,2139
677,2011-02-01,CZ,445
690,2011-02-01,LU,123
679,2011-02-01,BE,231
680,2011-02-01,FI,117
682,2011-02-01,FR,930
683,2011-02-01,AT,829
681,2011-02-01,PL,8396
685,2011-02-01,GR,1312
686,2011-02-01,HU,2189
687,2011-02-01,SE,203
688,2011-02-01,CH,311
689,2011-02-01,ES,1136
684,2011-02-01,CY,18
722,2011-03-01,CY,15
719,2011-03-01,LV,772
720,2011-03-01,BG,4340
721,2011-03-01,GR,1668
723,2011-03-01,LU,176
718,2011-03-01,DK,271
725,2011-03-01,HU,2659
726,2011-03-01,CZ,555
727,2011-03-01,CH,452
728,2011-03-01,IE,140
724,2011-03-01,SI,193
717,2011-03-01,HR,1046
704,2011-03-01,FR,1300
715,2011-03-01,LT,704
702,2011-03-01,IT,2799
716,2011-03-01,FI,224
705,2011-03-01,EE,116
706,2011-03-01,PT,750
707,2011-03-01,BE,260
708,2011-03-01,SE,238
703,2011-03-01,NL,806
710,2011-03-01,RO,7345
711,2011-03-01,AT,948
712,2011-03-01,PL,11071
713,2011-03-01,ES,1361
714,2011-03-01,SK,891
709,2011-03-01,GB,804
746,2011-04-01,HR,1047
747,2011-04-01,BG,3903
748,2011-04-01,IE,115
749,2011-04-01,LT,628
752,2011-04-01,NL,681
751,2011-04-01,PT,567
753,2011-04-01,CZ,666
754,2011-04-01,SI,160
755,2011-04-01,GR,1403
745,2011-04-01,SK,888
750,2011-04-01,CH,400
744,2011-04-01,EE,113
738,2011-04-01,BE,244
742,2011-04-01,DK,173
729,2011-04-01,ES,1211
730,2011-04-01,FR,1124
743,2011-04-01,FI,141
732,2011-04-01,CY,17
733,2011-04-01,IT,2393
734,2011-04-01,HU,2236
731,2011-04-01,RO,7240
736,2011-04-01,LV,627
735,2011-04-01,AT,947
740,2011-04-01,PL,10438
739,2011-04-01,GB,796
737,2011-04-01,SE,200
741,2011-04-01,LU,123
781,2011-05-01,FI,112
780,2011-05-01,BG,4524
779,2011-05-01,SK,1252
771,2011-05-01,LV,1029
777,2011-05-01,LT,1016
776,2011-05-01,SI,320
775,2011-05-01,HU,4055
774,2011-05-01,HR,1236
773,2011-05-01,CH,374
772,2011-05-01,LU,166
770,2011-05-01,BE,236
782,2011-05-01,DK,138
768,2011-05-01,CY,19
756,2011-05-01,CZ,910
769,2011-05-01,EE,113
757,2011-05-01,GR,1505
758,2011-05-01,RO,9962
759,2011-05-01,PL,19858
760,2011-05-01,ES,1250
778,2011-05-01,IE,124
762,2011-05-01,PT,699
763,2011-05-01,AT,890
764,2011-05-01,IT,2341
765,2011-05-01,FR,930
767,2011-05-01,SE,175
766,2011-05-01,GB,837
761,2011-05-01,NL,762
808,2011-06-01,CH,295
799,2011-06-01,BG,4332
800,2011-06-01,SI,294
803,2011-06-01,EE,99
802,2011-06-01,SE,179
804,2011-06-01,IE,173
805,2011-06-01,SK,1283
806,2011-06-01,FI,131
807,2011-06-01,DK,155
801,2011-06-01,LT,1098
798,2011-06-01,LU,133
795,2011-06-01,HU,3889
796,2011-06-01,HR,890
794,2011-06-01,PT,591
793,2011-06-01,RO,11069
792,2011-06-01,AT,768
790,2011-06-01,GB,775
789,2011-06-01,IT,2316
788,2011-06-01,ES,1179
787,2011-06-01,BE,204
786,2011-06-01,NL,652
785,2011-06-01,GR,1704
784,2011-06-01,CZ,772
783,2011-06-01,CY,13
797,2011-06-01,PL,20161
791,2011-06-01,FR,826
809,2011-06-01,LV,997
811,2011-07-01,RO,8436
810,2011-07-01,IE,160
836,2011-07-01,FR,998
835,2011-07-01,SK,1302
834,2011-07-01,EE,134
833,2011-07-01,DK,228
832,2011-07-01,LU,164
831,2011-07-01,CY,15
830,2011-07-01,FI,124
829,2011-07-01,LT,1037
828,2011-07-01,BG,4166
827,2011-07-01,GB,977
826,2011-07-01,SE,199
822,2011-07-01,AT,1032
824,2011-07-01,HU,4094
825,2011-07-01,LV,962
813,2011-07-01,BE,243
814,2011-07-01,NL,794
815,2011-07-01,CZ,873
816,2011-07-01,PL,17327
812,2011-07-01,SI,289
818,2011-07-01,GR,1845
819,2011-07-01,HR,1054
820,2011-07-01,IT,2238
821,2011-07-01,CH,404
823,2011-07-01,PT,666
817,2011-07-01,ES,1555
853,2011-08-01,HR,1067
854,2011-08-01,FI,213
855,2011-08-01,SK,1196
856,2011-08-01,LU,198
857,2011-08-01,LV,1106
860,2011-08-01,CH,552
859,2011-08-01,SI,313
861,2011-08-01,LT,1052
862,2011-08-01,DK,305
852,2011-08-01,IE,212
858,2011-08-01,BG,5074
863,2011-08-01,CY,51
851,2011-08-01,HU,4202
849,2011-08-01,BE,279
850,2011-08-01,EE,139
838,2011-08-01,RO,9017
839,2011-08-01,GB,1292
840,2011-08-01,AT,1187
837,2011-08-01,PL,16933
842,2011-08-01,PT,751
841,2011-08-01,FR,1357
844,2011-08-01,NL,998
845,2011-08-01,IT,2391
846,2011-08-01,ES,1775
847,2011-08-01,GR,1980
848,2011-08-01,CZ,871
843,2011-08-01,SE,326
880,2011-09-01,LU,358
881,2011-09-01,DK,359
882,2011-09-01,SI,466
883,2011-09-01,PT,1020
890,2011-09-01,FI,471
885,2011-09-01,LT,1087
887,2011-09-01,IE,315
888,2011-09-01,SK,1331
889,2011-09-01,HR,996
884,2011-09-01,LV,1050
878,2011-09-01,CY,67
886,2011-09-01,BG,5482
876,2011-09-01,CH,715
877,2011-09-01,AT,1337
864,2011-09-01,CZ,1171
865,2011-09-01,GR,2582
866,2011-09-01,FR,2452
867,2011-09-01,ES,3671
868,2011-09-01,RO,9411
879,2011-09-01,EE,181
870,2011-09-01,NL,1008
871,2011-09-01,SE,446
872,2011-09-01,PL,16326
873,2011-09-01,GB,1654
874,2011-09-01,IT,3413
869,2011-09-01,BE,441
875,2011-09-01,HU,4786
907,2011-10-01,HR,915
908,2011-10-01,DK,259
909,2011-10-01,BG,4879
910,2011-10-01,CZ,1085
914,2011-10-01,LT,868
913,2011-10-01,LU,446
906,2011-10-01,SK,1148
915,2011-10-01,CH,661
917,2011-10-01,GR,2871
911,2011-10-01,LV,918
905,2011-10-01,FI,317
916,2011-10-01,PT,817
903,2011-10-01,HU,4213
904,2011-10-01,FR,2192
891,2011-10-01,RO,8106
892,2011-10-01,NL,967
893,2011-10-01,IT,3707
894,2011-10-01,PL,14563
895,2011-10-01,BE,452
912,2011-10-01,CY,53
897,2011-10-01,ES,3150
898,2011-10-01,AT,1325
899,2011-10-01,SI,442
900,2011-10-01,IE,245
901,2011-10-01,EE,208
902,2011-10-01,GB,1273
896,2011-10-01,SE,282
934,2011-11-01,BG,4327
935,2011-11-01,EE,101
936,2011-11-01,DK,183
937,2011-11-01,HR,860
940,2011-11-01,CY,50
939,2011-11-01,LT,833
941,2011-11-01,SI,271
942,2011-11-01,ES,1909
943,2011-11-01,HU,4219
944,2011-11-01,LV,878
938,2011-11-01,CH,372
933,2011-11-01,IE,155
930,2011-11-01,IT,2561
931,2011-11-01,LU,212
929,2011-11-01,SK,876
928,2011-11-01,FI,117
927,2011-11-01,GR,2956
925,2011-11-01,PT,712
924,2011-11-01,CZ,764
923,2011-11-01,FR,996
922,2011-11-01,AT,865
921,2011-11-01,GB,813
920,2011-11-01,SE,236
919,2011-11-01,NL,748
918,2011-11-01,RO,7355
932,2011-11-01,PL,12533
926,2011-11-01,BE,242
971,2011-12-01,CH,307
970,2011-12-01,FI,61
945,2011-12-01,RO,5240
968,2011-12-01,HR,602
967,2011-12-01,LT,569
966,2011-12-01,SK,596
965,2011-12-01,AT,690
964,2011-12-01,LV,506
963,2011-12-01,NL,740
962,2011-12-01,EE,76
961,2011-12-01,IE,90
960,2011-12-01,SE,145
959,2011-12-01,CY,24
958,2011-12-01,SI,219
957,2011-12-01,GR,2655
956,2011-12-01,HU,2504
955,2011-12-01,BE,181
954,2011-12-01,CZ,489
953,2011-12-01,PL,8000
952,2011-12-01,IT,1932
951,2011-12-01,PT,475
950,2011-12-01,LU,153
949,2011-12-01,FR,746
948,2011-12-01,ES,1355
947,2011-12-01,GB,594
946,2011-12-01,DK,124
969,2011-12-01,BG,3022
972,2012-01-01,EE,87
973,2012-01-01,CY,29
992,2012-01-01,LU,154
998,2012-01-01,GB,1000
997,2012-01-01,ES,1781
996,2012-01-01,PL,12316
995,2012-01-01,RO,7908
994,2012-01-01,GR,2714
993,2012-01-01,AT,919
991,2012-01-01,HU,3853
990,2012-01-01,NL,938
989,2012-01-01,IT,2737
987,2012-01-01,CZ,688
986,2012-01-01,IE,164
988,2012-01-01,SE,230
984,2012-01-01,CH,472
974,2012-01-01,BE,274
975,2012-01-01,SK,936
976,2012-01-01,FR,1165
977,2012-01-01,HR,961
985,2012-01-01,PT,877
979,2012-01-01,SI,298
978,2012-01-01,BG,4709
980,2012-01-01,DK,198
981,2012-01-01,LV,786
982,2012-01-01,LT,830
983,2012-01-01,FI,166
1019,2012-02-01,NL,759
1016,2012-02-01,ES,1751
1017,2012-02-01,RO,7107
1018,2012-02-01,GB,764
1015,2012-02-01,PL,10829
1020,2012-02-01,CZ,572
1005,2012-02-01,LT,671
1022,2012-02-01,GR,2544
1023,2012-02-01,SE,231
1024,2012-02-01,AT,812
1025,2012-02-01,HU,3318
1014,2012-02-01,FR,1041
1021,2012-02-01,IT,2643
1013,2012-02-01,PT,924
1001,2012-02-01,FI,159
1011,2012-02-01,EE,94
999,2012-02-01,DK,203
1000,2012-02-01,HR,836
1002,2012-02-01,SK,915
1012,2012-02-01,BE,264
1004,2012-02-01,SI,293
1003,2012-02-01,CH,377
1006,2012-02-01,CY,28
1007,2012-02-01,LU,105
1008,2012-02-01,BG,4150
1009,2012-02-01,LV,641
1010,2012-02-01,IE,122
1046,2012-03-01,PL,14855
1042,2012-03-01,PT,1113
1043,2012-03-01,CZ,885
1044,2012-03-01,BE,273
1041,2012-03-01,LU,150
1047,2012-03-01,ES,2109
1045,2012-03-01,NL,850
1049,2012-03-01,GB,852
1050,2012-03-01,IT,3631
1051,2012-03-01,GR,2762
1052,2012-03-01,HU,4218
1040,2012-03-01,RO,9661
1048,2012-03-01,FR,1373
1039,2012-03-01,SE,237
1032,2012-03-01,DK,264
1037,2012-03-01,CH,490
1027,2012-03-01,LT,902
1028,2012-03-01,AT,955
1029,2012-03-01,BG,4994
1030,2012-03-01,CY,31
1031,2012-03-01,IE,144
1026,2012-03-01,LV,819
1038,2012-03-01,HR,1068
1033,2012-03-01,EE,87
1034,2012-03-01,FI,250
1035,2012-03-01,SI,401
1036,2012-03-01,SK,1338
1067,2012-04-01,PT,1022
1068,2012-04-01,GB,976
1069,2012-04-01,AT,992
1070,2012-04-01,ES,1767
1071,2012-04-01,PL,14053
1072,2012-04-01,RO,9803
1079,2012-04-01,CZ,835
1078,2012-04-01,FR,1148
1075,2012-04-01,GR,2480
1076,2012-04-01,SE,249
1077,2012-04-01,HU,4477
1066,2012-04-01,BE,290
1073,2012-04-01,NL,791
1074,2012-04-01,IT,3401
1065,2012-04-01,LV,704
1063,2012-04-01,SI,538
1064,2012-04-01,EE,110
1053,2012-04-01,LT,793
1054,2012-04-01,SK,1118
1056,2012-04-01,HR,1294
1057,2012-04-01,FI,161
1055,2012-04-01,IE,143
1059,2012-04-01,BG,5056
1060,2012-04-01,CY,35
1061,2012-04-01,LU,193
1062,2012-04-01,DK,184
1058,2012-04-01,CH,497
1098,2012-05-01,PT,964
1095,2012-05-01,IT,3056
1096,2012-05-01,NL,666
1097,2012-05-01,SE,182
1099,2012-05-01,RO,11860
1105,2012-05-01,ES,1812
1101,2012-05-01,CH,399
1102,2012-05-01,FR,896
1103,2012-05-01,GB,780
1104,2012-05-01,PL,15820
1094,2012-05-01,HU,4376
1100,2012-05-01,CZ,694
1093,2012-05-01,AT,810
1086,2012-05-01,SK,1093
1091,2012-05-01,DK,134
1092,2012-05-01,LV,737
1080,2012-05-01,LT,822
1081,2012-05-01,LU,140
1082,2012-05-01,CY,28
1084,2012-05-01,GR,2686
1083,2012-05-01,EE,72
1106,2012-05-01,BE,261
1087,2012-05-01,SI,455
1088,2012-05-01,BG,4882
1089,2012-05-01,HR,1159
1090,2012-05-01,IE,172
1085,2012-05-01,FI,130
1127,2012-06-01,HU,4786
1124,2012-06-01,FR,934
1125,2012-06-01,GR,2652
1126,2012-06-01,CY,33
1128,2012-06-01,FI,126
1123,2012-06-01,LU,126
1130,2012-06-01,RO,13174
1131,2012-06-01,NL,693
1132,2012-06-01,BE,247
1133,2012-06-01,SE,226
1108,2012-06-01,HR,1058
1129,2012-06-01,GB,804
1122,2012-06-01,SK,1359
1107,2012-06-01,LV,834
1120,2012-06-01,IT,3379
1109,2012-06-01,IE,207
1121,2012-06-01,PL,20919
1110,2012-06-01,SI,460
1111,2012-06-01,PT,876
1113,2012-06-01,CH,339
1112,2012-06-01,BG,5016
1115,2012-06-01,EE,97
1116,2012-06-01,DK,134
1117,2012-06-01,LT,939
1118,2012-06-01,CZ,792
1119,2012-06-01,ES,1909
1114,2012-06-01,AT,798
1154,2012-07-01,BE,256
1151,2012-07-01,HU,5724
1152,2012-07-01,BG,5350
1153,2012-07-01,NL,954
1155,2012-07-01,IT,3389
1160,2012-07-01,ES,2607
1157,2012-07-01,PT,1099
1158,2012-07-01,AT,1118
1159,2012-07-01,SK,1560
1150,2012-07-01,GR,3179
1156,2012-07-01,PL,19015
1149,2012-07-01,SE,234
1148,2012-07-01,CZ,976
1134,2012-07-01,CY,39
1147,2012-07-01,EE,132
1135,2012-07-01,GB,1130
1136,2012-07-01,DK,285
1137,2012-07-01,LV,873
1139,2012-07-01,FI,153
1140,2012-07-01,CH,506
1138,2012-07-01,LU,186
1142,2012-07-01,FR,1131
1143,2012-07-01,HR,1222
1144,2012-07-01,IE,143
1145,2012-07-01,RO,10537
1146,2012-07-01,LT,971
1141,2012-07-01,SI,452
1180,2012-08-01,CZ,918
1177,2012-08-01,PT,1081
1178,2012-08-01,BE,350
1179,2012-08-01,PL,17070
1181,2012-08-01,BG,5630
1176,2012-08-01,NL,1032
1183,2012-08-01,ES,2856
1184,2012-08-01,GR,2794
1185,2012-08-01,SE,358
1186,2012-08-01,IT,3387
1187,2012-08-01,FR,1439
1182,2012-08-01,GB,1395
1175,2012-08-01,RO,10539
1161,2012-08-01,DK,315
1173,2012-08-01,AT,1051
1174,2012-08-01,HR,1139
1162,2012-08-01,CY,53
1163,2012-08-01,HU,5373
1164,2012-08-01,IE,196
1166,2012-08-01,LU,225
1165,2012-08-01,LV,919
1168,2012-08-01,SK,1218
1169,2012-08-01,EE,132
1170,2012-08-01,LT,944
1171,2012-08-01,FI,217
1172,2012-08-01,CH,558
1167,2012-08-01,SI,434
1196,2012-09-01,HR,1190
1199,2012-09-01,HU,5766
1198,2012-09-01,IE,324
1197,2012-09-01,LU,374
1195,2012-09-01,SE,464
1188,2012-09-01,LV,931
1193,2012-09-01,DK,346
1192,2012-09-01,SI,581
1191,2012-09-01,FI,494
1190,2012-09-01,GB,1642
1189,2012-09-01,PT,1293
1194,2012-09-01,SK,1236
1201,2012-09-01,ES,4551
1200,2012-09-01,CY,128
1203,2012-09-01,GR,3303
1214,2012-09-01,LT,960
1213,2012-09-01,PL,16007
1212,2012-09-01,NL,1078
1211,2012-09-01,AT,1266
1210,2012-09-01,BG,5895
1202,2012-09-01,FR,2482
1208,2012-09-01,BE,473
1207,2012-09-01,IT,4756
1206,2012-09-01,RO,10718
1205,2012-09-01,CZ,1152
1204,2012-09-01,CH,738
1209,2012-09-01,EE,171
1231,2012-10-01,IT,5647
1232,2012-10-01,HU,5309
1233,2012-10-01,LT,1008
1234,2012-10-01,CH,691
1235,2012-10-01,BG,5712
1238,2012-10-01,PL,15616
1237,2012-10-01,PT,1091
1239,2012-10-01,EE,179
1240,2012-10-01,DK,273
1241,2012-10-01,RO,10612
1230,2012-10-01,BE,438
1236,2012-10-01,AT,1456
1229,2012-10-01,FR,2333
1228,2012-10-01,NL,931
1227,2012-10-01,SE,324
1216,2012-10-01,LV,905
1217,2012-10-01,FI,303
1218,2012-10-01,CY,98
1215,2012-10-01,IE,269
1220,2012-10-01,CZ,1228
1219,2012-10-01,LU,466
1222,2012-10-01,ES,4690
1223,2012-10-01,SK,1255
1224,2012-10-01,GB,1427
1225,2012-10-01,GR,3900
1226,2012-10-01,HR,1068
1221,2012-10-01,SI,630
1258,2012-11-01,PT,840
1259,2012-11-01,PL,13152
1260,2012-11-01,RO,9127
1261,2012-11-01,NL,727
1267,2012-11-01,LU,202
1263,2012-11-01,ES,2485
1264,2012-11-01,FR,1039
1265,2012-11-01,SE,266
1266,2012-11-01,HU,4292
1257,2012-11-01,LV,701
1262,2012-11-01,BE,323
1256,2012-11-01,SI,411
1249,2012-11-01,CZ,763
1254,2012-11-01,FI,111
1255,2012-11-01,GR,2928
1242,2012-11-01,GB,857
1243,2012-11-01,EE,85
1244,2012-11-01,IT,3692
1245,2012-11-01,SK,953
1246,2012-11-01,HR,969
1268,2012-11-01,AT,874
1248,2012-11-01,LT,708
1250,2012-11-01,IE,125
1251,2012-11-01,DK,157
1252,2012-11-01,BG,4424
1253,2012-11-01,CH,407
1247,2012-11-01,CY,40
1285,2012-12-01,CZ,532
1286,2012-12-01,BE,150
1287,2012-12-01,ES,1592
1288,2012-12-01,CY,18
1291,2012-12-01,LU,119
1290,2012-12-01,HU,2400
1292,2012-12-01,RO,5108
1293,2012-12-01,SE,112
1294,2012-12-01,EE,59
1295,2012-12-01,PT,582
1289,2012-12-01,IT,2449
1284,2012-12-01,FR,600
1281,2012-12-01,GR,2167
1282,2012-12-01,FI,61
1280,2012-12-01,LV,383
1279,2012-12-01,IE,88
1278,2012-12-01,HR,644
1276,2012-12-01,SK,612
1275,2012-12-01,NL,569
1274,2012-12-01,AT,542
1273,2012-12-01,SI,255
1272,2012-12-01,DK,97
1271,2012-12-01,GB,534
1270,2012-12-01,LT,408
1269,2012-12-01,BG,2686
1283,2012-12-01,PL,6715
1277,2012-12-01,CH,267
1298,2013-01-01,AT,899
1297,2013-01-01,HR,926
1296,2013-01-01,BE,332
1322,2013-01-01,DK,240
1321,2013-01-01,CH,516
1320,2013-01-01,PL,13172
1319,2013-01-01,FI,176
1318,2013-01-01,SI,357
1316,2013-01-01,LU,179
1315,2013-01-01,CY,39
1314,2013-01-01,LV,762
1313,2013-01-01,IE,172
1312,2013-01-01,BG,4893
1311,2013-01-01,GB,984
1317,2013-01-01,LT,841
1309,2013-01-01,RO,9522
1299,2013-01-01,ES,2702
1310,2013-01-01,SK,1006
1300,2013-01-01,HU,4183
1301,2013-01-01,SE,267
1303,2013-01-01,CZ,742
1302,2013-01-01,PT,1197
1305,2013-01-01,FR,1218
1306,2013-01-01,NL,977
1307,2013-01-01,IT,4125
1308,2013-01-01,EE,106
1304,2013-01-01,GR,2957
1339,2013-02-01,CH,398
1342,2013-02-01,SI,441
1340,2013-02-01,IE,120
1341,2013-02-01,LU,139
1343,2013-02-01,CY,34
1348,2013-02-01,GB,783
1345,2013-02-01,LV,615
1346,2013-02-01,RO,8351
1347,2013-02-01,FI,132
1349,2013-02-01,DK,190
1338,2013-02-01,HR,816
1344,2013-02-01,EE,73
1337,2013-02-01,LT,665
1331,2013-02-01,SE,184
1335,2013-02-01,GR,2427
1336,2013-02-01,PL,11978
1323,2013-02-01,ES,2462
1324,2013-02-01,SK,855
1326,2013-02-01,BG,4296
1327,2013-02-01,CZ,672
1325,2013-02-01,PT,1160
1329,2013-02-01,HU,3755
1330,2013-02-01,AT,805
1332,2013-02-01,IT,3697
1333,2013-02-01,NL,895
1334,2013-02-01,FR,1025
1328,2013-02-01,BE,256
1358,2013-03-01,GB,822
1362,2013-03-01,LT,697
1361,2013-03-01,NL,783
1360,2013-03-01,CZ,840
1359,2013-03-01,ES,2680
1357,2013-03-01,BE,266
1351,2013-03-01,PL,13292
1355,2013-03-01,SE,247
1354,2013-03-01,CY,35
1353,2013-03-01,RO,9616
1352,2013-03-01,AT,840
1350,2013-03-01,FR,1362
1356,2013-03-01,IT,4776
1364,2013-03-01,LV,654
1363,2013-03-01,LU,164
1366,2013-03-01,FI,239
1376,2013-03-01,EE,134
1375,2013-03-01,PT,1221
1373,2013-03-01,HU,4333
1372,2013-03-01,IE,122
1374,2013-03-01,GR,2506
1370,2013-03-01,SK,1105
1369,2013-03-01,SI,474
1368,2013-03-01,BG,4640
1367,2013-03-01,HR,1107
1371,2013-03-01,CH,462
1365,2013-03-01,DK,263
1397,2013-04-01,HR,1452
1393,2013-04-01,IE,128
1394,2013-04-01,BG,5562
1395,2013-04-01,SI,633
1396,2013-04-01,LU,196
1403,2013-04-01,LT,821
1400,2013-04-01,LV,773
1401,2013-04-01,EE,107
1402,2013-04-01,ES,2786
1392,2013-04-01,SK,1405
1399,2013-04-01,AT,1007
1391,2013-04-01,FI,194
1398,2013-04-01,DK,218
1389,2013-04-01,CY,47
1390,2013-04-01,CH,533
1378,2013-04-01,NL,959
1379,2013-04-01,GB,1062
1380,2013-04-01,RO,11470
1381,2013-04-01,SE,236
1382,2013-04-01,BE,281
1377,2013-04-01,GR,2658
1384,2013-04-01,PL,16359
1385,2013-04-01,FR,1370
1386,2013-04-01,PT,1410
1387,2013-04-01,IT,5012
1388,2013-04-01,CZ,1036
1383,2013-04-01,HU,4852
1420,2013-05-01,GB,749
1421,2013-05-01,BE,238
1422,2013-05-01,SI,565
1423,2013-05-01,LV,621
1426,2013-05-01,BG,4804
1425,2013-05-01,HR,1207
1427,2013-05-01,RO,10971
1428,2013-05-01,ES,2300
1429,2013-05-01,CH,380
1419,2013-05-01,LU,147
1424,2013-05-01,EE,69
1418,2013-05-01,FI,91
1411,2013-05-01,GR,2121
1416,2013-05-01,AT,762
1415,2013-05-01,FR,933
1414,2013-05-01,PL,15585
1413,2013-05-01,LT,686
1412,2013-05-01,NL,818
1410,2013-05-01,CZ,799
1409,2013-05-01,PT,1164
1408,2013-05-01,SE,145
1407,2013-05-01,HU,4308
1406,2013-05-01,IE,145
1405,2013-05-01,DK,132
1404,2013-05-01,SK,1203
1417,2013-05-01,IT,4232
1430,2013-05-01,CY,67
1444,2013-06-01,DK,153
1450,2013-06-01,LU,128
1457,2013-06-01,LT,884
1456,2013-06-01,HU,5146
1455,2013-06-01,CH,392
1454,2013-06-01,IE,197
1453,2013-06-01,LV,669
1452,2013-06-01,BE,230
1451,2013-06-01,HR,1518
1449,2013-06-01,FI,124
1448,2013-06-01,SK,1437
1447,2013-06-01,SI,505
1445,2013-06-01,BG,5007
1443,2013-06-01,IT,4652
1446,2013-06-01,EE,101
1441,2013-06-01,CZ,895
1431,2013-06-01,AT,796
1432,2013-06-01,PT,1120
1433,2013-06-01,SE,227
1434,2013-06-01,PL,22557
1442,2013-06-01,GB,814
1436,2013-06-01,GR,2451
1435,2013-06-01,FR,984
1438,2013-06-01,NL,785
1439,2013-06-01,RO,16974
1440,2013-06-01,CY,57
1437,2013-06-01,ES,2553
1473,2013-07-01,GB,1101
1478,2013-07-01,LU,245
1474,2013-07-01,FR,1237
1475,2013-07-01,RO,12840
1476,2013-07-01,CY,73
1479,2013-07-01,SI,629
1477,2013-07-01,EE,140
1481,2013-07-01,SK,1789
1482,2013-07-01,FI,119
1483,2013-07-01,DK,325
1484,2013-07-01,LV,847
1472,2013-07-01,HR,3702
1480,2013-07-01,LT,906
1471,2013-07-01,BG,5814
1464,2013-07-01,CZ,1079
1469,2013-07-01,CH,512
1470,2013-07-01,IE,191
1459,2013-07-01,ES,3599
1460,2013-07-01,NL,1020
1461,2013-07-01,PL,21339
1462,2013-07-01,BE,298
1463,2013-07-01,GR,3020
1458,2013-07-01,AT,1116
1465,2013-07-01,PT,1179
1466,2013-07-01,SE,259
1467,2013-07-01,HU,6271
1468,2013-07-01,IT,4847
1511,2013-08-01,CH,631
1500,2013-08-01,SK,1394
1501,2013-08-01,IE,232
1502,2013-08-01,SI,636
1503,2013-08-01,EE,143
1504,2013-08-01,BG,5197
1507,2013-08-01,LT,859
1506,2013-08-01,DK,310
1499,2013-08-01,FI,226
1508,2013-08-01,LV,772
1509,2013-08-01,CY,117
1510,2013-08-01,PL,17765
1505,2013-08-01,HR,2860
1498,2013-08-01,HU,5889
1491,2013-08-01,GB,1441
1496,2013-08-01,CZ,917
1497,2013-08-01,LU,250
1485,2013-08-01,GR,2691
1486,2013-08-01,NL,1066
1487,2013-08-01,IT,4523
1489,2013-08-01,SE,338
1488,2013-08-01,FR,1603
1492,2013-08-01,AT,1125
1493,2013-08-01,RO,12635
1494,2013-08-01,PT,1246
1495,2013-08-01,ES,3323
1490,2013-08-01,BE,380
1527,2013-09-01,CH,819
1531,2013-09-01,BG,5832
1528,2013-09-01,DK,404
1529,2013-09-01,FI,517
1530,2013-09-01,SK,1480
1532,2013-09-01,HR,3471
1526,2013-09-01,FR,2678
1534,2013-09-01,IE,312
1535,2013-09-01,LV,875
1536,2013-09-01,EE,175
1537,2013-09-01,CY,151
1538,2013-09-01,LT,801
1533,2013-09-01,SI,697
1525,2013-09-01,LU,453
1517,2013-09-01,GR,3584
1523,2013-09-01,GB,1740
1524,2013-09-01,SE,461
1512,2013-09-01,PL,17940
1513,2013-09-01,RO,12788
1514,2013-09-01,AT,1347
1516,2013-09-01,CZ,1378
1515,2013-09-01,PT,1364
1518,2013-09-01,BE,524
1519,2013-09-01,NL,1204
1520,2013-09-01,ES,5598
1521,2013-09-01,HU,6349
1522,2013-09-01,IT,6591
1558,2013-10-01,HR,3394
1555,2013-10-01,SE,382
1556,2013-10-01,FI,349
1557,2013-10-01,SK,1514
1554,2013-10-01,PT,1110
1559,2013-10-01,BG,5521
1553,2013-10-01,LU,515
1561,2013-10-01,LT,827
1562,2013-10-01,CH,731
1563,2013-10-01,IE,250
1564,2013-10-01,FR,2395
1565,2013-10-01,LV,768
1560,2013-10-01,DK,315
1552,2013-10-01,CY,179
1551,2013-10-01,AT,1502
1550,2013-10-01,SI,701
1539,2013-10-01,IT,6788
1540,2013-10-01,EE,165
1541,2013-10-01,ES,4293
1543,2013-10-01,NL,1064
1544,2013-10-01,CZ,1309
1542,2013-10-01,RO,12520
1546,2013-10-01,GB,1421
1547,2013-10-01,GR,3568
1548,2013-10-01,HU,5414
1549,2013-10-01,BE,472
1545,2013-10-01,PL,16804
1585,2013-11-01,LU,173
1581,2013-11-01,CY,81
1582,2013-11-01,EE,94
1583,2013-11-01,SI,508
1584,2013-11-01,IE,104
1586,2013-11-01,BG,4493
1592,2013-11-01,SK,985
1588,2013-11-01,LV,575
1589,2013-11-01,LT,629
1590,2013-11-01,CH,402
1591,2013-11-01,HR,2793
1580,2013-11-01,FI,107
1587,2013-11-01,DK,166
1579,2013-11-01,RO,10325
1578,2013-11-01,SE,192
1577,2013-11-01,BE,243
1566,2013-11-01,ES,2545
1567,2013-11-01,CZ,790
1568,2013-11-01,GR,3022
1570,2013-11-01,GB,858
1571,2013-11-01,IT,4875
1569,2013-11-01,HU,4937
1573,2013-11-01,NL,739
1574,2013-11-01,FR,1107
1575,2013-11-01,PL,14085
1576,2013-11-01,PT,916
1572,2013-11-01,AT,893
1612,2013-12-01,BG,2891
1609,2013-12-01,DK,121
1610,2013-12-01,FI,92
1611,2013-12-01,SK,571
1613,2013-12-01,LT,437
1608,2013-12-01,GB,587
1615,2013-12-01,SI,288
1616,2013-12-01,LV,383
1617,2013-12-01,EE,60
1618,2013-12-01,CH,298
1619,2013-12-01,IE,97
1614,2013-12-01,ES,1670
1607,2013-12-01,LU,156
1606,2013-12-01,NL,662
1604,2013-12-01,SE,157
1593,2013-12-01,PL,8233
1594,2013-12-01,RO,6482
1595,2013-12-01,CZ,527
1605,2013-12-01,IT,3405
1597,2013-12-01,BE,264
1596,2013-12-01,GR,2374
1599,2013-12-01,HR,1599
1600,2013-12-01,FR,681
1601,2013-12-01,HU,2631
1602,2013-12-01,CY,43
1603,2013-12-01,PT,559
1598,2013-12-01,AT,668
1635,2014-01-01,CZ,870
1636,2014-01-01,GR,2745
1637,2014-01-01,NL,929
1638,2014-01-01,PL,14305
1640,2014-01-01,SE,262
1646,2014-01-01,HU,4697
1642,2014-01-01,PT,1132
1643,2014-01-01,GB,1016
1644,2014-01-01,IT,5426
1645,2014-01-01,BE,347
1634,2014-01-01,ES,2867
1641,2014-01-01,RO,15461
1633,2014-01-01,AT,917
1639,2014-01-01,CH,526
1631,2014-01-01,IE,165
1620,2014-01-01,LV,620
1621,2014-01-01,LU,201
1622,2014-01-01,CY,79
1632,2014-01-01,FI,143
1624,2014-01-01,LT,712
1623,2014-01-01,SI,492
1626,2014-01-01,EE,95
1627,2014-01-01,SK,1103
1628,2014-01-01,DK,172
1629,2014-01-01,BG,6817
1630,2014-01-01,HR,3301
1625,2014-01-01,FR,1230
1661,2014-02-01,SE,236
1662,2014-02-01,AT,875
1663,2014-02-01,FR,1120
1664,2014-02-01,IT,5219
1670,2014-02-01,BE,293
1666,2014-02-01,PL,13105
1667,2014-02-01,RO,13456
1668,2014-02-01,GB,805
1669,2014-02-01,NL,903
1660,2014-02-01,HU,4053
1665,2014-02-01,ES,2379
1659,2014-02-01,LV,545
1653,2014-02-01,LT,632
1657,2014-02-01,SI,562
1656,2014-02-01,LU,153
1655,2014-02-01,CY,72
1654,2014-02-01,EE,79
1652,2014-02-01,CH,452
1651,2014-02-01,DK,176
1650,2014-02-01,IE,143
1649,2014-02-01,SK,943
1648,2014-02-01,FI,142
1647,2014-02-01,HR,3202
1671,2014-02-01,GR,2429
1658,2014-02-01,BG,6176
1672,2014-02-01,CZ,786
1673,2014-02-01,PT,904
1674,2014-03-01,LT,669
1700,2014-03-01,PT,1121
1699,2014-03-01,PL,15936
1698,2014-03-01,FR,1531
1697,2014-03-01,AT,961
1696,2014-03-01,SE,294
1695,2014-03-01,BE,309
1694,2014-03-01,CZ,992
1692,2014-03-01,IT,6536
1691,2014-03-01,GB,915
1690,2014-03-01,NL,944
1689,2014-03-01,GR,2439
1688,2014-03-01,ES,2734
1693,2014-03-01,RO,16023
1686,2014-03-01,HU,4845
1687,2014-03-01,IE,160
1676,2014-03-01,DK,234
1677,2014-03-01,EE,90
1678,2014-03-01,SK,1364
1679,2014-03-01,BG,6896
1680,2014-03-01,LU,211
1675,2014-03-01,FI,276
1682,2014-03-01,CH,526
1683,2014-03-01,HR,3627
1684,2014-03-01,CY,64
1685,2014-03-01,LV,648
1681,2014-03-01,SI,569
1715,2014-04-01,LT,729
1716,2014-04-01,GB,924
1717,2014-04-01,IT,6009
1718,2014-04-01,FR,1266
1719,2014-04-01,RO,14840
1720,2014-04-01,ES,2316
1723,2014-04-01,CZ,991
1722,2014-04-01,GR,2270
1724,2014-04-01,PT,831
1725,2014-04-01,SE,220
1726,2014-04-01,LV,618
1721,2014-04-01,AT,973
1714,2014-04-01,PL,14132
1727,2014-04-01,BE,287
1712,2014-04-01,NL,889
1701,2014-04-01,DK,206
1702,2014-04-01,FI,199
1703,2014-04-01,HR,3324
1713,2014-04-01,IE,141
1705,2014-04-01,CY,48
1704,2014-04-01,HU,4433
1707,2014-04-01,SK,1361
1708,2014-04-01,LU,200
1709,2014-04-01,BG,6121
1710,2014-04-01,CH,518
1711,2014-04-01,SI,577
1706,2014-04-01,EE,82
1743,2014-05-01,DK,117
1744,2014-05-01,PL,16030
1745,2014-05-01,CY,46
1746,2014-05-01,GR,2102
1748,2014-05-01,FI,138
1754,2014-05-01,RO,17232
1750,2014-05-01,FR,1019
1751,2014-05-01,LU,185
1752,2014-05-01,BE,231
1753,2014-05-01,HU,4610
1742,2014-05-01,SE,197
1749,2014-05-01,NL,818
1741,2014-05-01,ES,2425
1747,2014-05-01,CZ,935
1739,2014-05-01,CH,403
1728,2014-05-01,HR,3681
1729,2014-05-01,IT,4962
1730,2014-05-01,SK,1177
1740,2014-05-01,AT,798
1732,2014-05-01,LV,501
1731,2014-05-01,EE,67
1734,2014-05-01,GB,780
1735,2014-05-01,BG,5755
1736,2014-05-01,IE,150
1737,2014-05-01,LT,654
1738,2014-05-01,SI,599
1733,2014-05-01,PT,808
1771,2014-06-01,CZ,1028
1772,2014-06-01,IT,5675
1773,2014-06-01,GR,2140
1774,2014-06-01,NL,751
1780,2014-06-01,ES,2884
1776,2014-06-01,BE,274
1777,2014-06-01,FR,1068
1778,2014-06-01,CY,40
1779,2014-06-01,RO,20870
1770,2014-06-01,PL,22225
1775,2014-06-01,AT,947
1769,2014-06-01,GB,935
1763,2014-06-01,CH,413
1767,2014-06-01,FI,144
1766,2014-06-01,LT,765
1765,2014-06-01,HR,4053
1764,2014-06-01,SI,602
1762,2014-06-01,IE,178
1761,2014-06-01,LV,655
1760,2014-06-01,DK,181
1759,2014-06-01,HU,5442
1758,2014-06-01,SK,1657
1757,2014-06-01,EE,80
1781,2014-06-01,PT,935
1768,2014-06-01,SE,260
1755,2014-06-01,BG,6677
1756,2014-06-01,LU,147
1806,2014-07-01,RO,18667
1807,2014-07-01,NL,929
1805,2014-07-01,BG,6815
1804,2014-07-01,GB,1227
1803,2014-07-01,EE,111
1802,2014-07-01,HR,4223
1801,2014-07-01,SI,617
1800,2014-07-01,IE,218
1798,2014-07-01,FI,155
1797,2014-07-01,CY,70
1796,2014-07-01,LU,215
1795,2014-07-01,LT,809
1794,2014-07-01,PL,21491
1799,2014-07-01,SK,1640
1792,2014-07-01,LV,702
1782,2014-07-01,FR,1259
1793,2014-07-01,ES,3184
1783,2014-07-01,PT,1080
1784,2014-07-01,GR,2576
1785,2014-07-01,CH,534
1786,2014-07-01,BE,316
1808,2014-07-01,IT,5748
1788,2014-07-01,CZ,1140
1789,2014-07-01,HU,5665
1790,2014-07-01,AT,1117
1791,2014-07-01,DK,362
1787,2014-07-01,SE,294
1823,2014-08-01,NL,1075
1832,2014-08-01,CZ,992
1831,2014-08-01,GR,2336
1830,2014-08-01,IT,5267
1829,2014-08-01,BE,351
1828,2014-08-01,RO,16235
1827,2014-08-01,HU,5156
1826,2014-08-01,PL,17403
1825,2014-08-01,ES,3016
1824,2014-08-01,FR,1572
1833,2014-08-01,PT,968
1822,2014-08-01,EE,116
1820,2014-08-01,SI,495
1819,2014-08-01,DK,303
1818,2014-08-01,LV,658
1817,2014-08-01,FI,251
1816,2014-08-01,IE,198
1815,2014-08-01,LT,668
1814,2014-08-01,HR,3499
1813,2014-08-01,BG,6349
1812,2014-08-01,GB,1364
1811,2014-08-01,SK,1373
1834,2014-08-01,SE,351
1821,2014-08-01,CH,616
1835,2014-08-01,AT,1046
1809,2014-08-01,LU,228
1810,2014-08-01,CY,85
1836,2014-09-01,FI,500
1862,2014-09-01,NL,1362
1861,2014-09-01,GR,3281
1860,2014-09-01,HU,5942
1859,2014-09-01,SK,1571
1858,2014-09-01,SE,477
1857,2014-09-01,FR,2840
1856,2014-09-01,GB,1873
1855,2014-09-01,AT,1534
1854,2014-09-01,RO,19678
1853,2014-09-01,PT,1152
1852,2014-09-01,ES,4937
1851,2014-09-01,BE,568
1850,2014-09-01,PL,18958
1848,2014-09-01,IT,8124
1847,2014-09-01,HR,4675
1846,2014-09-01,IE,346
1845,2014-09-01,SI,760
1844,2014-09-01,LT,864
1843,2014-09-01,DK,338
1842,2014-09-01,CH,945
1841,2014-09-01,EE,151
1840,2014-09-01,LU,547
1839,2014-09-01,LV,815
1838,2014-09-01,CY,153
1837,2014-09-01,BG,8277
1849,2014-09-01,CZ,1588
1889,2014-10-01,BE,536
1863,2014-10-01,HR,4215
1888,2014-10-01,NL,1139
1887,2014-10-01,PT,1013
1886,2014-10-01,CZ,1412
1885,2014-10-01,GR,3267
1884,2014-10-01,RO,16721
1883,2014-10-01,SE,334
1882,2014-10-01,FR,2452
1881,2014-10-01,GB,1350
1880,2014-10-01,PL,16611
1879,2014-10-01,ES,3690
1878,2014-10-01,IT,7791
1877,2014-10-01,AT,1409
1876,2014-10-01,SK,1420
1875,2014-10-01,HU,4889
1865,2014-10-01,LT,830
1866,2014-10-01,LU,507
1867,2014-10-01,CY,149
1868,2014-10-01,EE,144
1869,2014-10-01,SI,713
1864,2014-10-01,CH,712
1871,2014-10-01,FI,286
1872,2014-10-01,DK,280
1873,2014-10-01,IE,286
1874,2014-10-01,BG,7236
1870,2014-10-01,LV,710
1907,2014-11-01,SE,259
1908,2014-11-01,GB,846
1909,2014-11-01,IT,5451
1910,2014-11-01,RO,13022
1911,2014-11-01,GR,2736
1913,2014-11-01,NL,904
1914,2014-11-01,AT,955
1915,2014-11-01,FR,1149
1916,2014-11-01,PL,12697
1906,2014-11-01,CZ,837
1912,2014-11-01,BE,375
1905,2014-11-01,ES,2193
1899,2014-11-01,CH,419
1903,2014-11-01,HU,3951
1902,2014-11-01,EE,60
1901,2014-11-01,SK,960
1900,2014-11-01,LU,247
1891,2014-11-01,LV,499
1898,2014-11-01,LT,585
1897,2014-11-01,BG,5888
1896,2014-11-01,IE,109
1895,2014-11-01,FI,86
1894,2014-11-01,DK,180
1893,2014-11-01,HR,3571
1890,2014-11-01,CY,65
1904,2014-11-01,PT,697
1892,2014-11-01,SI,415
1943,2014-12-01,SE,136
1936,2014-12-01,PL,8033
1942,2014-12-01,CY,60
1941,2014-12-01,HU,2756
1940,2014-12-01,FR,801
1939,2014-12-01,GB,638
1938,2014-12-01,IT,4180
1937,2014-12-01,CZ,655
1935,2014-12-01,AT,752
1934,2014-12-01,RO,8726
1933,2014-12-01,BE,235
1932,2014-12-01,GR,2281
1930,2014-12-01,NL,784
1929,2014-12-01,ES,1751
1931,2014-12-01,HR,2472
1927,2014-12-01,IE,102
1917,2014-12-01,FI,64
1918,2014-12-01,SK,714
1919,2014-12-01,BG,4368
1920,2014-12-01,DK,113
1928,2014-12-01,PT,514
1922,2014-12-01,LV,385
1921,2014-12-01,LT,427
1923,2014-12-01,SI,344
1924,2014-12-01,LU,157
1925,2014-12-01,EE,37
1926,2014-12-01,CH,349
1960,2015-01-01,IT,5916
1963,2015-01-01,HU,4256
1961,2015-01-01,PT,952
1962,2015-01-01,GB,951
1959,2015-01-01,NL,1064
1964,2015-01-01,BE,347
1949,2015-01-01,DK,176
1966,2015-01-01,AT,941
1967,2015-01-01,SE,274
1968,2015-01-01,HR,4398
1969,2015-01-01,CH,564
1970,2015-01-01,IE,143
1958,2015-01-01,RO,15314
1965,2015-01-01,GR,2569
1957,2015-01-01,PL,13803
1945,2015-01-01,FI,193
1955,2015-01-01,LU,205
1944,2015-01-01,BG,6688
1946,2015-01-01,SK,1030
1956,2015-01-01,ES,2301
1948,2015-01-01,LT,772
1947,2015-01-01,EE,69
1951,2015-01-01,CY,51
1952,2015-01-01,SI,495
1953,2015-01-01,CZ,871
1954,2015-01-01,LV,550
1950,2015-01-01,FR,1231
1987,2015-02-01,HR,3446
1991,2015-02-01,SI,524
1986,2015-02-01,DK,182
1988,2015-02-01,IE,137
1990,2015-02-01,FI,151
1992,2015-02-01,SK,991
1989,2015-02-01,LT,681
1994,2015-02-01,AT,824
1995,2015-02-01,CY,53
1996,2015-02-01,EE,59
1984,2015-02-01,IT,5566
1997,2015-02-01,BG,6042
1993,2015-02-01,LV,492
1983,2015-02-01,CZ,844
1985,2015-02-01,PT,899
1981,2015-02-01,RO,14524
1982,2015-02-01,ES,1924
1972,2015-02-01,PL,13037
1973,2015-02-01,HU,3905
1974,2015-02-01,FR,1134
1975,2015-02-01,GR,2059
1976,2015-02-01,CH,400
1971,2015-02-01,LU,179
1978,2015-02-01,SE,223
1979,2015-02-01,GB,832
1980,2015-02-01,NL,855
1977,2015-02-01,BE,293
2023,2015-03-01,LU,235
2012,2015-03-01,CH,524
2013,2015-03-01,LV,576
2014,2015-03-01,SK,1376
2015,2015-03-01,IE,156
2016,2015-03-01,DK,220
2024,2015-03-01,GR,2371
2018,2015-03-01,HR,4318
2020,2015-03-01,LT,784
2021,2015-03-01,SI,818
2022,2015-03-01,FI,281
2011,2015-03-01,HU,5232
2017,2015-03-01,EE,64
2010,2015-03-01,BG,7615
2019,2015-03-01,CY,44
2008,2015-03-01,IT,7114
2009,2015-03-01,FR,1482
1998,2015-03-01,BE,329
1999,2015-03-01,AT,1109
2001,2015-03-01,PL,16078
2002,2015-03-01,RO,18645
2000,2015-03-01,ES,2372
2004,2015-03-01,SE,281
2005,2015-03-01,PT,957
2006,2015-03-01,NL,1011
2007,2015-03-01,GB,956
2003,2015-03-01,CZ,1049
2043,2015-04-01,CY,48
2040,2015-04-01,BE,335
2041,2015-04-01,IE,121
2042,2015-04-01,LT,725
2044,2015-04-01,HR,4303
2050,2015-04-01,LV,493
2046,2015-04-01,DK,179
2047,2015-04-01,FI,196
2048,2015-04-01,BG,6766
2049,2015-04-01,CH,449
2039,2015-04-01,LU,235
2051,2015-04-01,SI,685
2045,2015-04-01,IT,6263
2038,2015-04-01,PT,753
2033,2015-04-01,CZ,1146
2036,2015-04-01,AT,1010
2025,2015-04-01,SE,216
2026,2015-04-01,ES,1993
2037,2015-04-01,SK,1307
2028,2015-04-01,RO,18191
2029,2015-04-01,NL,905
2027,2015-04-01,PL,15053
2031,2015-04-01,HU,4442
2032,2015-04-01,FR,1427
2034,2015-04-01,GR,2079
2035,2015-04-01,EE,102
2030,2015-04-01,GB,978
2070,2015-05-01,CY,33
2067,2015-05-01,GR,1825
2066,2015-05-01,BG,5839
2068,2015-05-01,SI,528
2069,2015-05-01,DK,139
2071,2015-05-01,EE,67
2078,2015-05-01,LT,671
2073,2015-05-01,IE,135
2074,2015-05-01,SK,1024
2075,2015-05-01,FI,108
2065,2015-05-01,AT,889
2076,2015-05-01,LV,418
2072,2015-05-01,HR,3499
2064,2015-05-01,LU,160
2077,2015-05-01,GB,736
2062,2015-05-01,CZ,904
2063,2015-05-01,PL,14762
2052,2015-05-01,IT,5193
2053,2015-05-01,ES,1721
2055,2015-05-01,PT,608
2056,2015-05-01,HU,4048
2054,2015-05-01,RO,17904
2058,2015-05-01,NL,719
2059,2015-05-01,CH,337
2060,2015-05-01,BE,200
2061,2015-05-01,FR,892
2057,2015-05-01,SE,164
2097,2015-06-01,DK,180
2093,2015-06-01,HU,5615
2094,2015-06-01,LT,1071
2095,2015-06-01,CZ,1159
2096,2015-06-01,IE,210
2098,2015-06-01,FI,163
2105,2015-06-01,GR,2291
2100,2015-06-01,LV,644
2101,2015-06-01,LU,200
2102,2015-06-01,BG,7557
2103,2015-06-01,SI,721
2092,2015-06-01,CY,52
2099,2015-06-01,SK,1699
2091,2015-06-01,HR,4624
2104,2015-06-01,CH,487
2089,2015-06-01,RO,24341
2079,2015-06-01,GB,990
2080,2015-06-01,BE,261
2081,2015-06-01,ES,2519
2082,2015-06-01,EE,68
2083,2015-06-01,AT,1071
2090,2015-06-01,SE,261
2085,2015-06-01,IT,6097
2086,2015-06-01,NL,832
2087,2015-06-01,PL,22221
2088,2015-06-01,PT,793
2084,2015-06-01,FR,1171
2120,2015-07-01,FI,113
2121,2015-07-01,CZ,1177
2122,2015-07-01,PT,949
2123,2015-07-01,GB,1132
2124,2015-07-01,IT,5854
2125,2015-07-01,FR,1131
2127,2015-07-01,LU,263
2128,2015-07-01,LT,1010
2129,2015-07-01,HR,6534
2130,2015-07-01,IE,205
2119,2015-07-01,SI,571
2132,2015-07-01,LV,675
2126,2015-07-01,CY,55
2131,2015-07-01,SK,1581
2118,2015-07-01,PL,22160
2116,2015-07-01,GR,2764
2117,2015-07-01,DK,340
2106,2015-07-01,NL,1077
2107,2015-07-01,EE,94
2109,2015-07-01,ES,3196
2110,2015-07-01,RO,20088
2108,2015-07-01,CH,511
2112,2015-07-01,BE,363
2113,2015-07-01,SE,293
2114,2015-07-01,HU,5646
2115,2015-07-01,AT,1308
2111,2015-07-01,BG,7172
2159,2015-08-01,EE,107
2147,2015-08-01,BG,7371
2148,2015-08-01,AT,1248
2149,2015-08-01,SK,1262
2150,2015-08-01,IE,229
2152,2015-08-01,CY,82
2146,2015-08-01,RO,19764
2154,2015-08-01,LV,642
2155,2015-08-01,LU,335
2156,2015-08-01,HR,5924
2157,2015-08-01,SI,529
2158,2015-08-01,CH,616
2153,2015-08-01,DK,266
2145,2015-08-01,FI,244
2151,2015-08-01,LT,835
2143,2015-08-01,PT,936
2144,2015-08-01,BE,319
2133,2015-08-01,GR,2683
2134,2015-08-01,GB,1510
2136,2015-08-01,ES,2699
2137,2015-08-01,NL,1122
2135,2015-08-01,IT,5416
2139,2015-08-01,HU,5376
2140,2015-08-01,PL,18253
2141,2015-08-01,FR,1458
2142,2015-08-01,CZ,1182
2138,2015-08-01,SE,359
2179,2015-09-01,BG,9126
2175,2015-09-01,EE,131
2176,2015-09-01,IE,386
2177,2015-09-01,AT,1540
2178,2015-09-01,HR,6911
2180,2015-09-01,LU,527
2186,2015-09-01,CY,166
2182,2015-09-01,SI,622
2183,2015-09-01,DK,329
2184,2015-09-01,LV,639
2185,2015-09-01,FI,480
2174,2015-09-01,LT,937
2181,2015-09-01,SK,1394
2173,2015-09-01,SE,485
2172,2015-09-01,GB,1872
2171,2015-09-01,BE,545
2160,2015-09-01,FR,2648
2161,2015-09-01,NL,1279
2162,2015-09-01,CZ,1532
2164,2015-09-01,PL,18488
2165,2015-09-01,ES,4378
2163,2015-09-01,IT,8049
2167,2015-09-01,HU,6225
2168,2015-09-01,PT,1089
2169,2015-09-01,CH,872
2170,2015-09-01,GR,3959
2166,2015-09-01,RO,21627
2213,2015-10-01,DK,262
2202,2015-10-01,LV,657
2203,2015-10-01,LU,603
2204,2015-10-01,HU,4979
2205,2015-10-01,SK,1251
2206,2015-10-01,HR,5881
2211,2015-10-01,SI,693
2208,2015-10-01,IE,253
2209,2015-10-01,EE,121
2210,2015-10-01,LT,937
2212,2015-10-01,FI,297
2201,2015-10-01,CY,141
2207,2015-10-01,GR,3878
2200,2015-10-01,AT,1543
2192,2015-10-01,CZ,1369
2198,2015-10-01,BE,571
2197,2015-10-01,GB,1475
2196,2015-10-01,CH,842
2195,2015-10-01,NL,1052
2194,2015-10-01,SE,377
2193,2015-10-01,PT,975
2191,2015-10-01,PL,16698
2190,2015-10-01,ES,3438
2189,2015-10-01,IT,7721
2188,2015-10-01,BG,8573
2187,2015-10-01,FR,2307
2199,2015-10-01,RO,19249
2227,2015-11-01,BE,275
2228,2015-11-01,EE,66
2229,2015-11-01,SI,429
2230,2015-11-01,DK,167
2236,2015-11-01,LT,664
2232,2015-11-01,SK,777
2233,2015-11-01,IE,139
2234,2015-11-01,LV,435
2235,2015-11-01,CY,52
2226,2015-11-01,HU,3588
2231,2015-11-01,FI,98
2225,2015-11-01,SE,191
2219,2015-11-01,NL,879
2223,2015-11-01,FR,1022
2222,2015-11-01,RO,13693
2221,2015-11-01,PT,528
2220,2015-11-01,CZ,862
2218,2015-11-01,GR,2780
2217,2015-11-01,ES,1715
2216,2015-11-01,IT,4905
2215,2015-11-01,HR,4380
2214,2015-11-01,PL,11648
2239,2015-11-01,AT,1142
2237,2015-11-01,CH,459
2240,2015-11-01,LU,242
2224,2015-11-01,GB,981
2238,2015-11-01,BG,5923
2242,2015-12-01,RO,8842
2241,2015-12-01,BE,206
2267,2015-12-01,BG,4554
2266,2015-12-01,LV,315
2243,2015-12-01,IT,3411
2265,2015-12-01,SI,310
2264,2015-12-01,DK,123
2263,2015-12-01,FI,72
2262,2015-12-01,EE,46
2261,2015-12-01,CH,341
2260,2015-12-01,HR,2788
2258,2015-12-01,LT,530
2257,2015-12-01,HU,2306
2256,2015-12-01,IE,95
2255,2015-12-01,SK,568
2259,2015-12-01,ES,1373
2253,2015-12-01,PL,7567
2254,2015-12-01,FR,753
2245,2015-12-01,LU,203
2246,2015-12-01,NL,729
2247,2015-12-01,SE,153
2248,2015-12-01,GB,703
2244,2015-12-01,CZ,570
2250,2015-12-01,AT,855
2251,2015-12-01,PT,433
2252,2015-12-01,GR,2270
2249,2015-12-01,CY,50
2286,2016-01-01,NL,1219
2294,2016-01-01,GR,3118
2293,2016-01-01,AT,2164
2292,2016-01-01,GB,1154
2291,2016-01-01,HU,4574
2290,2016-01-01,SE,299
2289,2016-01-01,PT,890
2288,2016-01-01,BE,344
2287,2016-01-01,IT,5672
2285,2016-01-01,PL,15383
2271,2016-01-01,IE,210
2283,2016-01-01,CH,716
2282,2016-01-01,CZ,1055
2281,2016-01-01,RO,19111
2280,2016-01-01,SK,1140
2279,2016-01-01,LV,574
2278,2016-01-01,BG,7690
2277,2016-01-01,SI,506
2276,2016-01-01,LU,301
2275,2016-01-01,DK,235
2274,2016-01-01,EE,67
2284,2016-01-01,ES,2176
2273,2016-01-01,HR,5313
2272,2016-01-01,CY,60
2268,2016-01-01,LT,970
2269,2016-01-01,FR,1552
2270,2016-01-01,FI,189
2312,2016-02-01,RO,16551
2321,2016-02-01,CZ,821
2320,2016-02-01,NL,895
2319,2016-02-01,GR,2444
2318,2016-02-01,CH,383
2317,2016-02-01,BE,257
2316,2016-02-01,HU,3745
2315,2016-02-01,FR,1121
2314,2016-02-01,SE,193
2313,2016-02-01,GB,923
2311,2016-02-01,ES,1719
2310,2016-02-01,IT,5070
2309,2016-02-01,PT,723
2308,2016-02-01,AT,1124
2300,2016-02-01,SI,523
2306,2016-02-01,CY,72
2305,2016-02-01,LV,507
2304,2016-02-01,LU,170
2303,2016-02-01,PL,12820
2302,2016-02-01,BG,6372
2301,2016-02-01,DK,173
2307,2016-02-01,FI,132
2299,2016-02-01,LT,669
2298,2016-02-01,EE,57
2297,2016-02-01,HR,4434
2296,2016-02-01,IE,127
2295,2016-02-01,SK,1003
2340,2016-03-01,IT,5664
2341,2016-03-01,FR,1306
2337,2016-03-01,GR,2542
2338,2016-03-01,ES,1934
2342,2016-03-01,RO,17679
2346,2016-03-01,BE,337
2344,2016-03-01,GB,962
2345,2016-03-01,AT,1169
2347,2016-03-01,PT,913
2348,2016-03-01,HU,4025
2336,2016-03-01,CZ,934
2343,2016-03-01,SE,246
2335,2016-03-01,HR,4277
2339,2016-03-01,PL,12845
2333,2016-03-01,EE,69
2323,2016-03-01,SK,1137
2324,2016-03-01,IE,170
2325,2016-03-01,CY,63
2326,2016-03-01,DK,233
2327,2016-03-01,BG,6629
2322,2016-03-01,FI,277
2329,2016-03-01,LT,733
2328,2016-03-01,LU,230
2332,2016-03-01,CH,505
2334,2016-03-01,NL,868
2330,2016-03-01,LV,557
2331,2016-03-01,SI,452
2374,2016-04-01,GB,971
2362,2016-04-01,BE,295
2373,2016-04-01,FR,1288
2372,2016-04-01,HU,4043
2375,2016-04-01,PT,843
2370,2016-04-01,GR,2152
2369,2016-04-01,RO,18436
2368,2016-04-01,NL,943
2367,2016-04-01,PL,14395
2366,2016-04-01,ES,1722
2365,2016-04-01,IT,5577
2364,2016-04-01,EE,61
2363,2016-04-01,AT,1130
2371,2016-04-01,SE,223
2361,2016-04-01,CZ,983
2359,2016-04-01,CH,497
2360,2016-04-01,LV,492
2349,2016-04-01,LT,728
2350,2016-04-01,FI,152
2352,2016-04-01,IE,130
2353,2016-04-01,HR,4948
2351,2016-04-01,SK,1096
2355,2016-04-01,LU,251
2356,2016-04-01,DK,164
2357,2016-04-01,SI,549
2358,2016-04-01,BG,6175
2354,2016-04-01,CY,54
2393,2016-05-01,NL,764
2390,2016-05-01,RO,18949
2391,2016-05-01,BE,215
2392,2016-05-01,CH,408
2394,2016-05-01,CZ,878
2389,2016-05-01,HU,3911
2397,2016-05-01,ES,1541
2398,2016-05-01,IT,4703
2399,2016-05-01,GB,853
2400,2016-05-01,FR,960
2401,2016-05-01,CY,50
2396,2016-05-01,PL,13763
2388,2016-05-01,AT,894
2395,2016-05-01,SE,168
2386,2016-05-01,HR,4150
2385,2016-05-01,LT,755
2384,2016-05-01,DK,143
2383,2016-05-01,LU,177
2382,2016-05-01,EE,53
2381,2016-05-01,BG,6049
2380,2016-05-01,LV,430
2379,2016-05-01,FI,123
2378,2016-05-01,GR,1922
2377,2016-05-01,SI,446
2376,2016-05-01,SK,970
2402,2016-05-01,PT,649
2387,2016-05-01,IE,172
2403,2016-06-01,BE,270
2404,2016-06-01,NL,736
2405,2016-06-01,PT,746
2429,2016-06-01,FR,1009
2428,2016-06-01,SI,461
2427,2016-06-01,HU,4394
2426,2016-06-01,EE,83
2425,2016-06-01,AT,948
2424,2016-06-01,IT,4855
2423,2016-06-01,GB,973
2421,2016-06-01,PL,16123
2420,2016-06-01,CZ,898
2419,2016-06-01,LT,913
2418,2016-06-01,SE,254
2417,2016-06-01,RO,20272
2422,2016-06-01,ES,2046
2415,2016-06-01,IE,213
2416,2016-06-01,SK,1206
2407,2016-06-01,HR,5264
2408,2016-06-01,BG,6417
2409,2016-06-01,LV,589
2410,2016-06-01,CY,67
2411,2016-06-01,GR,2113
2406,2016-06-01,CH,394
2413,2016-06-01,FI,145
2414,2016-06-01,DK,156
2412,2016-06-01,LU,188
2444,2016-07-01,IT,4593
2445,2016-07-01,NL,939
2446,2016-07-01,FR,1226
2447,2016-07-01,CH,474
2448,2016-07-01,PL,15663
2449,2016-07-01,CZ,936
2451,2016-07-01,HU,4461
2452,2016-07-01,SE,261
2453,2016-07-01,RO,17988
2454,2016-07-01,ES,2543
2455,2016-07-01,DK,172
2456,2016-07-01,PT,656
2450,2016-07-01,AT,1036
2443,2016-07-01,BG,6096
2436,2016-07-01,EE,89
2441,2016-07-01,SI,459
2442,2016-07-01,LU,225
2430,2016-07-01,HR,5333
2431,2016-07-01,IE,196
2432,2016-07-01,LT,885
2434,2016-07-01,SK,1165
2433,2016-07-01,LV,570
2437,2016-07-01,FI,151
2438,2016-07-01,GB,1149
2439,2016-07-01,GR,2418
2440,2016-07-01,CY,64
2435,2016-07-01,BE,338
2471,2016-08-01,SK,973
2475,2016-08-01,PT,890
2472,2016-08-01,RO,18797
2473,2016-08-01,GR,2521
2474,2016-08-01,NL,1170
2476,2016-08-01,CZ,989
2483,2016-08-01,SE,326
2478,2016-08-01,BE,386
2479,2016-08-01,AT,1276
2480,2016-08-01,FR,1677
2481,2016-08-01,ES,2660
2482,2016-08-01,GB,1616
2470,2016-08-01,PL,14154
2477,2016-08-01,HU,4604
2469,2016-08-01,IT,4899
2461,2016-08-01,SI,462
2467,2016-08-01,IE,240
2457,2016-08-01,LT,830
2458,2016-08-01,EE,103
2459,2016-08-01,CY,71
2460,2016-08-01,LU,321
2468,2016-08-01,LV,613
2463,2016-08-01,CH,686
2464,2016-08-01,BG,6912
2465,2016-08-01,HR,5320
2466,2016-08-01,DK,437
2462,2016-08-01,FI,259
2510,2016-09-01,GR,3270
2498,2016-09-01,ES,4050
2499,2016-09-01,DK,354
2500,2016-09-01,PL,14442
2501,2016-09-01,RO,20860
2502,2016-09-01,SE,409
2505,2016-09-01,BE,526
2504,2016-09-01,HU,5055
2506,2016-09-01,PT,1060
2507,2016-09-01,IT,7033
2497,2016-09-01,CH,903
2509,2016-09-01,CZ,1276
2503,2016-09-01,FR,2613
2508,2016-09-01,NL,1152
2495,2016-09-01,SI,542
2494,2016-09-01,LV,651
2496,2016-09-01,LU,496
2484,2016-09-01,FI,512
2485,2016-09-01,SK,1162
2487,2016-09-01,IE,421
2488,2016-09-01,HR,5827
2486,2016-09-01,AT,1465
2490,2016-09-01,BG,8430
2491,2016-09-01,GB,1909
2492,2016-09-01,EE,103
2493,2016-09-01,LT,924
2489,2016-09-01,CY,154
2534,2016-10-01,NL,974
2531,2016-10-01,CZ,1104
2532,2016-10-01,PT,870
2533,2016-10-01,SE,329
2535,2016-10-01,FR,2360
2515,2016-10-01,CY,111
2537,2016-10-01,BE,488
2513,2016-10-01,SK,1034
2530,2016-10-01,EE,121
2514,2016-10-01,LU,586
2536,2016-10-01,HU,4465
2529,2016-10-01,GB,1493
2519,2016-10-01,BG,7826
2527,2016-10-01,ES,3069
2526,2016-10-01,RO,18227
2525,2016-10-01,DK,262
2524,2016-10-01,PL,12947
2523,2016-10-01,LV,656
2522,2016-10-01,SI,523
2521,2016-10-01,AT,1428
2520,2016-10-01,CH,701
2512,2016-10-01,FI,246
2511,2016-10-01,GR,3092
2518,2016-10-01,LT,781
2517,2016-10-01,IE,258
2528,2016-10-01,IT,6841
2516,2016-10-01,HR,5063
2564,2016-11-01,RO,15542
2538,2016-11-01,LU,268
2560,2016-11-01,PL,10798
2559,2016-11-01,NL,842
2558,2016-11-01,SE,185
2557,2016-11-01,PT,565
2556,2016-11-01,CZ,799
2555,2016-11-01,BE,293
2554,2016-11-01,GB,1050
2553,2016-11-01,GR,2881
2552,2016-11-01,HR,4398
2563,2016-11-01,CY,68
2551,2016-11-01,IT,4771
2550,2016-11-01,SK,760
2549,2016-11-01,AT,923
2548,2016-11-01,DK,181
2547,2016-11-01,LV,503
2546,2016-11-01,EE,60
2545,2016-11-01,CH,456
2544,2016-11-01,HU,3697
2543,2016-11-01,FI,119
2542,2016-11-01,LT,711
2541,2016-11-01,BG,6400
2540,2016-11-01,SI,319
2539,2016-11-01,IE,138
2561,2016-11-01,ES,1793
2562,2016-11-01,FR,1089
2566,2016-12-01,CY,54
2567,2016-12-01,ES,1411
2568,2016-12-01,IE,77
2565,2016-12-01,GB,692
2585,2016-12-01,GR,2216
2591,2016-12-01,IT,3513
2590,2016-12-01,PL,6132
2589,2016-12-01,BE,215
2588,2016-12-01,AT,739
2587,2016-12-01,RO,9760
2586,2016-12-01,FR,727
2584,2016-12-01,LU,203
2583,2016-12-01,NL,804
2582,2016-12-01,CZ,566
2580,2016-12-01,SI,221
2581,2016-12-01,SK,506
2578,2016-12-01,LT,510
2577,2016-12-01,HR,2828
2576,2016-12-01,DK,112
2575,2016-12-01,EE,34
2574,2016-12-01,FI,61
2573,2016-12-01,CH,343
2572,2016-12-01,PT,401
2571,2016-12-01,SE,195
2570,2016-12-01,LV,380
2569,2016-12-01,HU,2246
2579,2016-12-01,BG,4625
2611,2017-01-01,CY,77
2607,2017-01-01,FI,171
2608,2017-01-01,SK,1010
2610,2017-01-01,HU,3724
2612,2017-01-01,SI,416
2613,2017-01-01,DK,207
2615,2017-01-01,BG,6476
2616,2017-01-01,GR,2390
2617,2017-01-01,HR,4626
2618,2017-01-01,EE,48
2606,2017-01-01,GB,1126
2614,2017-01-01,LT,788
2605,2017-01-01,LV,582
2609,2017-01-01,IE,183
2603,2017-01-01,LU,222
2604,2017-01-01,PL,12227
2593,2017-01-01,CZ,790
2594,2017-01-01,BE,341
2595,2017-01-01,RO,18068
2596,2017-01-01,NL,899
2597,2017-01-01,CH,609
2592,2017-01-01,PT,819
2599,2017-01-01,FR,1346
2600,2017-01-01,SE,286
2601,2017-01-01,AT,1090
2602,2017-01-01,ES,1823
2598,2017-01-01,IT,4874
2644,2017-02-01,SI,418
2634,2017-02-01,SK,903
2635,2017-02-01,LU,179
2636,2017-02-01,CY,77
2637,2017-02-01,LV,577
2638,2017-02-01,ES,1564
2640,2017-02-01,HR,4243
2641,2017-02-01,IE,118
2642,2017-02-01,FI,136
2643,2017-02-01,DK,178
2633,2017-02-01,EE,63
2645,2017-02-01,AT,1034
2639,2017-02-01,LT,671
2632,2017-02-01,CH,466
2627,2017-02-01,PT,803
2630,2017-02-01,BE,260
2619,2017-02-01,FR,1200
2620,2017-02-01,GB,986
2631,2017-02-01,BG,6182
2622,2017-02-01,HU,3512
2623,2017-02-01,NL,828
2621,2017-02-01,IT,4893
2625,2017-02-01,GR,2161
2626,2017-02-01,CZ,755
2628,2017-02-01,SE,235
2629,2017-02-01,RO,17704
2624,2017-02-01,PL,11277
2662,2017-03-01,HR,4508
2666,2017-03-01,BG,6598
2663,2017-03-01,FI,325
2664,2017-03-01,EE,87
2665,2017-03-01,CZ,1019
2667,2017-03-01,LU,195
2659,2017-03-01,AT,967
2669,2017-03-01,CY,61
2670,2017-03-01,SI,427
2671,2017-03-01,LV,636
2672,2017-03-01,LT,737
2661,2017-03-01,SK,976
2668,2017-03-01,CH,492
2660,2017-03-01,DK,209
2652,2017-03-01,GB,1129
2658,2017-03-01,IE,167
2647,2017-03-01,ES,1680
2648,2017-03-01,GR,2431
2649,2017-03-01,BE,348
2650,2017-03-01,NL,901
2651,2017-03-01,PT,977
2646,2017-03-01,IT,5999
2653,2017-03-01,FR,1259
2654,2017-03-01,SE,216
2655,2017-03-01,RO,18787
2656,2017-03-01,HU,4007
2657,2017-03-01,PL,13290
2688,2017-04-01,LT,637
2689,2017-04-01,LU,200
2690,2017-04-01,CY,53
2691,2017-04-01,SI,365
2692,2017-04-01,BG,5457
2695,2017-04-01,FI,183
2694,2017-04-01,SK,970
2699,2017-04-01,EE,54
2696,2017-04-01,DK,165
2697,2017-04-01,IE,137
2687,2017-04-01,LV,503
2693,2017-04-01,HR,3771
2686,2017-04-01,AT,975
2698,2017-04-01,GB,1112
2684,2017-04-01,RO,16023
2685,2017-04-01,CH,465
2673,2017-04-01,ES,1346
2674,2017-04-01,PL,10582
2676,2017-04-01,BE,258
2677,2017-04-01,CZ,878
2675,2017-04-01,NL,754
2679,2017-04-01,PT,625
2680,2017-04-01,SE,189
2681,2017-04-01,HU,3226
2682,2017-04-01,IT,4689
2683,2017-04-01,GR,1914
2678,2017-04-01,FR,1125
2718,2017-05-01,BG,6551
2714,2017-05-01,IT,4665
2715,2017-05-01,LV,540
2716,2017-05-01,HR,4265
2717,2017-05-01,LT,788
2719,2017-05-01,SI,353
2725,2017-05-01,SK,916
2721,2017-05-01,CY,43
2722,2017-05-01,LU,170
2723,2017-05-01,EE,61
2724,2017-05-01,IE,160
2726,2017-05-01,FI,108
2720,2017-05-01,DK,138
2713,2017-05-01,CH,424
2711,2017-05-01,BE,258
2710,2017-05-01,FR,989
2709,2017-05-01,ES,1476
2708,2017-05-01,PL,13724
2707,2017-05-01,NL,760
2706,2017-05-01,RO,21038
2705,2017-05-01,GR,2262
2704,2017-05-01,PT,642
2703,2017-05-01,SE,220
2702,2017-05-01,HU,3813
2701,2017-05-01,AT,938
2700,2017-05-01,CZ,887
2712,2017-05-01,GB,1042
2744,2017-06-01,SK,1144
2745,2017-06-01,NL,818
2746,2017-06-01,SI,377
2747,2017-06-01,BG,6063
2743,2017-06-01,GB,993
2749,2017-06-01,FI,148
2750,2017-06-01,SE,253
2751,2017-06-01,IE,197
2752,2017-06-01,LT,965
2748,2017-06-01,DK,157
2742,2017-06-01,BE,237
2727,2017-06-01,LV,619
2740,2017-06-01,ES,1461
2739,2017-06-01,RO,20731
2738,2017-06-01,PL,14514
2737,2017-06-01,IT,4743
2736,2017-06-01,FR,956
2735,2017-06-01,EE,54
2734,2017-06-01,HU,3874
2733,2017-06-01,CY,53
2732,2017-06-01,AT,886
2731,2017-06-01,GR,2164
2753,2017-06-01,PT,562
2741,2017-06-01,LU,170
2728,2017-06-01,HR,4328
2729,2017-06-01,CH,385
2730,2017-06-01,CZ,857
2779,2017-07-01,BG,6259
2780,2017-07-01,CH,529
2778,2017-07-01,DK,229
2777,2017-07-01,FI,173
2776,2017-07-01,IE,206
2775,2017-07-01,LU,193
2774,2017-07-01,SK,1214
2773,2017-07-01,LT,895
2772,2017-07-01,SI,345
2770,2017-07-01,CY,59
2769,2017-07-01,EE,74
2768,2017-07-01,FR,1206
2767,2017-07-01,ES,1848
2771,2017-07-01,LV,675
2765,2017-07-01,SE,249
2754,2017-07-01,GB,1375
2766,2017-07-01,HR,4985
2755,2017-07-01,IT,4800
2756,2017-07-01,PL,16165
2757,2017-07-01,RO,19646
2759,2017-07-01,HU,4713
2758,2017-07-01,NL,962
2761,2017-07-01,CZ,997
2762,2017-07-01,AT,1287
2763,2017-07-01,PT,661
2764,2017-07-01,BE,322
2760,2017-07-01,GR,2467
2799,2017-08-01,IE,218
2795,2017-08-01,LU,270
2796,2017-08-01,BG,6946
2798,2017-08-01,EE,82
2800,2017-08-01,LT,976
2805,2017-08-01,SI,344
2802,2017-08-01,LV,706
2803,2017-08-01,SK,1121
2804,2017-08-01,DK,453
2794,2017-08-01,AT,1223
2801,2017-08-01,HR,4773
2793,2017-08-01,CH,611
2797,2017-08-01,CY,69
2791,2017-08-01,BE,445
2790,2017-08-01,SE,319
2789,2017-08-01,RO,19586
2788,2017-08-01,PT,697
2787,2017-08-01,GB,1760
2786,2017-08-01,GR,2586
2785,2017-08-01,NL,1108
2784,2017-08-01,PL,13330
2783,2017-08-01,ES,2073
2782,2017-08-01,IT,4859
2781,2017-08-01,FR,1578
2806,2017-08-01,HU,4250
2792,2017-08-01,CZ,1093
2807,2017-08-01,FI,251
2808,2017-09-01,NL,1190
2827,2017-09-01,EE,101
2834,2017-09-01,FI,449
2833,2017-09-01,AT,1452
2832,2017-09-01,CY,133
2831,2017-09-01,BG,8175
2830,2017-09-01,LT,1007
2829,2017-09-01,LU,523
2828,2017-09-01,SI,475
2826,2017-09-01,SE,401
2825,2017-09-01,DK,356
2824,2017-09-01,ES,3565
2823,2017-09-01,HR,5371
2822,2017-09-01,LV,712
2809,2017-09-01,HU,4579
2820,2017-09-01,CZ,1297
2821,2017-09-01,CH,896
2811,2017-09-01,PL,13832
2812,2017-09-01,IT,6799
2813,2017-09-01,SK,1180
2814,2017-09-01,BE,487
2815,2017-09-01,PT,873
2810,2017-09-01,RO,21605
2817,2017-09-01,IE,426
2818,2017-09-01,GR,3059
2819,2017-09-01,FR,2605
2816,2017-09-01,GB,1940
2849,2017-10-01,LU,612
2850,2017-10-01,CY,123
2851,2017-10-01,EE,83
2852,2017-10-01,AT,1467
2853,2017-10-01,IE,242
2854,2017-10-01,PL,12724
2857,2017-10-01,LV,711
2856,2017-10-01,DK,219
2858,2017-10-01,LT,986
2859,2017-10-01,BG,8005
2860,2017-10-01,SK,1105
2861,2017-10-01,FI,224
2855,2017-10-01,HR,5026
2847,2017-10-01,CH,727
2840,2017-10-01,SE,358
2846,2017-10-01,FR,2190
2848,2017-10-01,SI,487
2836,2017-10-01,IT,6646
2837,2017-10-01,RO,19439
2838,2017-10-01,ES,2872
2839,2017-10-01,GR,3296
2835,2017-10-01,BE,462
2841,2017-10-01,PT,800
2842,2017-10-01,GB,1603
2843,2017-10-01,HU,4146
2844,2017-10-01,NL,984
2845,2017-10-01,CZ,1112
2880,2017-11-01,PT,510
2881,2017-11-01,HU,3679
2882,2017-11-01,EE,62
2883,2017-11-01,SI,335
2884,2017-11-01,AT,906
2886,2017-11-01,IE,150
2879,2017-11-01,DK,173
2887,2017-11-01,BG,6575
2888,2017-11-01,LT,1007
2863,2017-11-01,GB,1026
2885,2017-11-01,LV,592
2878,2017-11-01,FI,104
2866,2017-11-01,ES,1552
2876,2017-11-01,SK,836
2875,2017-11-01,HR,4248
2874,2017-11-01,FR,1118
2873,2017-11-01,RO,16446
2872,2017-11-01,NL,828
2871,2017-11-01,BE,289
2870,2017-11-01,SE,241
2869,2017-11-01,PL,10853
2868,2017-11-01,CZ,914
2867,2017-11-01,GR,2897
2862,2017-11-01,LU,250
2865,2017-11-01,CY,64
2877,2017-11-01,CH,469
2864,2017-11-01,IT,4726
2893,2017-12-01,CY,52
2889,2017-12-01,CZ,592
2891,2017-12-01,RO,10154
2915,2017-12-01,CH,323
2914,2017-12-01,SE,181
2913,2017-12-01,BE,228
2912,2017-12-01,AT,772
2911,2017-12-01,IE,109
2910,2017-12-01,LV,410
2909,2017-12-01,PT,400
2908,2017-12-01,HR,2610
2907,2017-12-01,FI,68
2906,2017-12-01,DK,125
2905,2017-12-01,BG,4704
2892,2017-12-01,PL,5960
2903,2017-12-01,SK,491
2902,2017-12-01,SI,222
2901,2017-12-01,GR,2161
2900,2017-12-01,ES,1103
2899,2017-12-01,FR,768
2898,2017-12-01,IT,3454
2897,2017-12-01,LU,211
2896,2017-12-01,EE,44
2895,2017-12-01,GB,787
2894,2017-12-01,HU,1933
2890,2017-12-01,NL,727
2904,2017-12-01,LT,552
2933,2018-01-01,DK,213
2934,2018-01-01,CY,44
2935,2018-01-01,EE,.
2936,2018-01-01,BG,6934
2941,2018-01-01,SK,1023
2938,2018-01-01,LU,230
2940,2018-01-01,IE,182
2931,2018-01-01,SI,.
2942,2018-01-01,LV,669
2937,2018-01-01,CZ,876
2930,2018-01-01,FI,126
2939,2018-01-01,HR,4782
2928,2018-01-01,AT,1059
2929,2018-01-01,FR,1255
2916,2018-01-01,IT,4812
2917,2018-01-01,RO,21381
2918,2018-01-01,GB,1235
2919,2018-01-01,CH,649
2920,2018-01-01,ES,1676
2932,2018-01-01,LT,1037
2922,2018-01-01,HU,3731
2923,2018-01-01,NL,903
2924,2018-01-01,GR,2518
2925,2018-01-01,PT,674
2926,2018-01-01,SE,296
2927,2018-01-01,PL,12333
2921,2018-01-01,BE,300
2959,2018-02-01,ES,1454
2960,2018-02-01,HU,3330
2961,2018-02-01,RO,18943
2962,2018-02-01,GR,2113
2965,2018-02-01,CZ,721
2964,2018-02-01,SE,246
2966,2018-02-01,PT,665
2967,2018-02-01,NL,882
2968,2018-02-01,BE,337
2969,2018-02-01,PL,11147
2963,2018-02-01,GB,957
2958,2018-02-01,IT,4925
2955,2018-02-01,LT,811
2956,2018-02-01,BG,6542
2954,2018-02-01,CH,408
2953,2018-02-01,IE,152
2952,2018-02-01,AT,887
2950,2018-02-01,FI,116
2949,2018-02-01,HR,4056
2948,2018-02-01,SK,852
2947,2018-02-01,SI,.
2946,2018-02-01,LV,608
2945,2018-02-01,EE,58
2944,2018-02-01,CY,48
2943,2018-02-01,LU,190
2957,2018-02-01,FR,1104
2951,2018-02-01,DK,191
2970,2018-03-01,DK,214
2972,2018-03-01,SK,1037
2974,2018-03-01,LT,908
2973,2018-03-01,HR,4016
2996,2018-03-01,AT,998
2995,2018-03-01,GR,2344
2994,2018-03-01,PL,11477
2993,2018-03-01,ES,1715
2992,2018-03-01,SE,268
2991,2018-03-01,PT,760
2990,2018-03-01,CZ,912
2989,2018-03-01,RO,19123
2988,2018-03-01,BE,306
2987,2018-03-01,IT,5761
2971,2018-03-01,FI,250
2985,2018-03-01,HU,3318
2984,2018-03-01,NL,897
2983,2018-03-01,FR,1378
2982,2018-03-01,LV,560
2981,2018-03-01,BG,6665
2980,2018-03-01,SI,355
2979,2018-03-01,IE,204
2978,2018-03-01,CY,35
2977,2018-03-01,CH,532
2976,2018-03-01,EE,57
2975,2018-03-01,LU,222
2986,2018-03-01,GB,1167
3014,2018-04-01,PL,12786
3015,2018-04-01,RO,21269
3016,2018-04-01,NL,899
3017,2018-04-01,SE,257
3022,2018-04-01,FR,1285
3020,2018-04-01,HU,3620
3021,2018-04-01,GB,1088
3012,2018-04-01,IT,5456
3023,2018-04-01,CZ,948
3018,2018-04-01,GR,2182
3011,2018-04-01,CH,539
3019,2018-04-01,PT,702
3009,2018-04-01,LV,622
3010,2018-04-01,BE,281
2997,2018-04-01,LT,1008
2998,2018-04-01,FI,178
2999,2018-04-01,HR,4716
3000,2018-04-01,SK,954
3001,2018-04-01,LU,264
3013,2018-04-01,ES,1551
3003,2018-04-01,CY,.
3004,2018-04-01,DK,182
3005,2018-04-01,SI,.
3006,2018-04-01,AT,1082
3007,2018-04-01,IE,175
3002,2018-04-01,EE,63
3008,2018-04-01,BG,6278
3041,2018-05-01,GR,2089
3042,2018-05-01,BE,214
3043,2018-05-01,NL,776
3044,2018-05-01,RO,22606
3046,2018-05-01,IT,4952
3040,2018-05-01,PT,577
3047,2018-05-01,GB,1021
3048,2018-05-01,PL,12375
3049,2018-05-01,CH,382
3050,2018-05-01,CZ,827
3045,2018-05-01,ES,1284
3039,2018-05-01,SE,219
3035,2018-05-01,DK,160
3037,2018-05-01,HU,3170
3036,2018-05-01,AT,867
3034,2018-05-01,HR,3770
3033,2018-05-01,EE,48
3032,2018-05-01,SI,306
3030,2018-05-01,LU,184
3029,2018-05-01,LV,500
3028,2018-05-01,CY,46
3027,2018-05-01,LT,899
3026,2018-05-01,IE,181
3025,2018-05-01,SK,924
3024,2018-05-01,FI,128
3038,2018-05-01,FR,919
3031,2018-05-01,BG,6184
3064,2018-06-01,LV,564
3070,2018-06-01,CY,.
3077,2018-06-01,SE,258
3076,2018-06-01,CZ,870
3075,2018-06-01,RO,22053
3074,2018-06-01,GR,2329
3073,2018-06-01,FR,957
3072,2018-06-01,LU,167
3071,2018-06-01,IT,4700
3069,2018-06-01,BE,268
3068,2018-06-01,EE,.
3067,2018-06-01,HU,3603
3065,2018-06-01,PT,544
3063,2018-06-01,BG,6721
3066,2018-06-01,CH,412
3061,2018-06-01,IE,229
3051,2018-06-01,GB,1093
3052,2018-06-01,PL,13387
3053,2018-06-01,LT,1092
3054,2018-06-01,NL,717
3062,2018-06-01,DK,164
3056,2018-06-01,SK,1186
3055,2018-06-01,SI,294
3058,2018-06-01,AT,888
3059,2018-06-01,FI,122
3060,2018-06-01,HR,4191
3057,2018-06-01,ES,1497
3093,2018-07-01,CY,34
3098,2018-07-01,SK,1226
3094,2018-07-01,LU,245
3095,2018-07-01,LT,1097
3096,2018-07-01,DK,252
3099,2018-07-01,BG,6419
3097,2018-07-01,FI,130
3101,2018-07-01,CH,553
3102,2018-07-01,SI,317
3103,2018-07-01,LV,668
3104,2018-07-01,IE,216
3092,2018-07-01,FR,1126
3100,2018-07-01,HR,4723
3091,2018-07-01,IT,4638
3084,2018-07-01,HU,3893
3089,2018-07-01,PL,14538
3090,2018-07-01,NL,942
3079,2018-07-01,CZ,1019
3080,2018-07-01,GB,1233
3081,2018-07-01,GR,2466
3082,2018-07-01,SE,317
3083,2018-07-01,PT,600
3078,2018-07-01,EE,91
3085,2018-07-01,BE,318
3086,2018-07-01,RO,20056
3087,2018-07-01,ES,1927
3088,2018-07-01,AT,1205
3131,2018-08-01,RO,19882
3120,2018-08-01,FR,1503
3121,2018-08-01,PT,660
3122,2018-08-01,CZ,1051
3123,2018-08-01,BE,393
3124,2018-08-01,GR,2424
3127,2018-08-01,ES,2049
3126,2018-08-01,PL,12817
3119,2018-08-01,NL,1002
3128,2018-08-01,IT,4843
3129,2018-08-01,GB,1774
3130,2018-08-01,SI,340
3125,2018-08-01,CH,679
3118,2018-08-01,AT,1258
3110,2018-08-01,SK,946
3116,2018-08-01,HU,3907
3117,2018-08-01,SE,346
3105,2018-08-01,BG,7027
3106,2018-08-01,CY,46
3107,2018-08-01,EE,64
3109,2018-08-01,IE,218
3108,2018-08-01,LT,1073
3111,2018-08-01,FI,252
3112,2018-08-01,DK,423
3113,2018-08-01,LU,255
3114,2018-08-01,HR,4554
3115,2018-08-01,LV,803
3151,2018-09-01,GR,3165
3148,2018-09-01,NL,1151
3149,2018-09-01,PT,857
3150,2018-09-01,CZ,1272
3147,2018-09-01,CH,866
3152,2018-09-01,BE,472
3146,2018-09-01,FI,386
3154,2018-09-01,RO,22897
3155,2018-09-01,IT,7191
3156,2018-09-01,GB,2042
3157,2018-09-01,FR,2650
3158,2018-09-01,ES,3660
3153,2018-09-01,HU,4054
3145,2018-09-01,AT,1460
3137,2018-09-01,CY,120
3143,2018-09-01,SK,1076
3144,2018-09-01,BG,8503
3132,2018-09-01,PL,13213
3133,2018-09-01,SI,462
3134,2018-09-01,DK,345
3136,2018-09-01,LU,516
3135,2018-09-01,LT,1156
3138,2018-09-01,EE,122
3139,2018-09-01,LV,709
3140,2018-09-01,SE,426
3141,2018-09-01,HR,5286
3142,2018-09-01,IE,434
3177,2018-10-01,ES,2877
3175,2018-10-01,GB,1719
3176,2018-10-01,IT,7292
3174,2018-10-01,CH,699
3179,2018-10-01,GR,3516
3173,2018-10-01,NL,1028
3181,2018-10-01,CZ,1184
3182,2018-10-01,PT,839
3183,2018-10-01,BE,488
3184,2018-10-01,SE,342
3185,2018-10-01,RO,22774
3180,2018-10-01,FR,2278
3172,2018-10-01,SK,988
3178,2018-10-01,HU,3872
3170,2018-10-01,HR,4929
3159,2018-10-01,LU,603
3160,2018-10-01,PL,12927
3161,2018-10-01,CY,.
3162,2018-10-01,EE,.
3163,2018-10-01,LT,1167
3164,2018-10-01,LV,601
3171,2018-10-01,AT,1509
3165,2018-10-01,IE,292
3166,2018-10-01,FI,228
3167,2018-10-01,DK,275
3168,2018-10-01,SI,488
3169,2018-10-01,BG,8767
3200,2018-11-01,GR,2601
3201,2018-11-01,PL,10159
3202,2018-11-01,CY,48
3203,2018-11-01,FR,983
3204,2018-11-01,CZ,774
3205,2018-11-01,IT,4870
3207,2018-11-01,GB,1052
3212,2018-11-01,NL,823
3208,2018-11-01,RO,16986
3209,2018-11-01,BE,247
3210,2018-11-01,ES,1701
3199,2018-11-01,PT,520
3206,2018-11-01,LV,564
3211,2018-11-01,LU,213
3198,2018-11-01,CH,466
3196,2018-11-01,SE,218
3197,2018-11-01,IE,160
3186,2018-11-01,SK,705
3187,2018-11-01,AT,967
3189,2018-11-01,BG,6798
3190,2018-11-01,FI,82
3188,2018-11-01,DK,168
3192,2018-11-01,HR,3822
3193,2018-11-01,LT,832
3194,2018-11-01,HU,3153
3195,2018-11-01,SI,319
3191,2018-11-01,EE,57
3232,2018-12-01,IT,3293
3229,2018-12-01,RO,10208
3230,2018-12-01,PL,5721
3231,2018-12-01,ES,1169
3233,2018-12-01,CZ,529
3239,2018-12-01,FR,767
3235,2018-12-01,BE,203
3236,2018-12-01,LU,173
3237,2018-12-01,CY,43
3238,2018-12-01,GR,1993
3228,2018-12-01,GB,849
3234,2018-12-01,NL,734
3226,2018-12-01,PT,429
3227,2018-12-01,AT,680
3224,2018-12-01,HU,1635
3213,2018-12-01,DK,137
3214,2018-12-01,LT,672
3215,2018-12-01,FI,74
3216,2018-12-01,SK,527
3217,2018-12-01,HR,2377
3225,2018-12-01,LV,346
3219,2018-12-01,SE,131
3220,2018-12-01,EE,54
3221,2018-12-01,IE,97
3222,2018-12-01,CH,349
3223,2018-12-01,SI,183
3218,2018-12-01,BG,4690
3255,2019-01-01,DK,267
3256,2019-01-01,FI,142
3257,2019-01-01,SK,954
3258,2019-01-01,IE,168
3259,2019-01-01,HR,4350
3262,2019-01-01,EE,.
3261,2019-01-01,SI,338
3263,2019-01-01,CY,65
3264,2019-01-01,LU,222
3265,2019-01-01,BG,7810
3254,2019-01-01,LT,948
3260,2019-01-01,CH,581
3253,2019-01-01,NL,926
3266,2019-01-01,LV,697
3251,2019-01-01,FR,1218
3240,2019-01-01,GB,1410
3241,2019-01-01,IT,5083
3242,2019-01-01,ES,1736
3243,2019-01-01,PL,11975
3244,2019-01-01,RO,23033
3252,2019-01-01,AT,980
3246,2019-01-01,BE,311
3247,2019-01-01,CZ,921
3248,2019-01-01,PT,695
3249,2019-01-01,HU,3092
3250,2019-01-01,SE,273
3245,2019-01-01,GR,2507
3282,2019-02-01,BG,6794
3283,2019-02-01,LT,834
3284,2019-02-01,DK,196
3285,2019-02-01,FI,103
3286,2019-02-01,IE,158
3289,2019-02-01,SI,322
3288,2019-02-01,SK,870
3290,2019-02-01,EE,.
3291,2019-02-01,CY,.
3292,2019-02-01,LU,180
3281,2019-02-01,CH,361
3287,2019-02-01,HR,3628
3293,2019-02-01,LV,515
3280,2019-02-01,SE,260
3278,2019-02-01,NL,865
3279,2019-02-01,FR,1093
3267,2019-02-01,HU,2753
3268,2019-02-01,GB,1376
3269,2019-02-01,IT,5140
3271,2019-02-01,PL,10515
3270,2019-02-01,ES,1553
3273,2019-02-01,GR,2155
3274,2019-02-01,BE,276
3275,2019-02-01,CZ,755
3276,2019-02-01,PT,666
3277,2019-02-01,AT,969
3272,2019-02-01,RO,20070
3301,2019-03-01,CZ,941
3304,2019-03-01,GB,1519
3303,2019-03-01,SE,243
3302,2019-03-01,PT,794
3300,2019-03-01,GR,2275
3305,2019-03-01,BE,302
3298,2019-03-01,FR,1376
3297,2019-03-01,PL,11927
3296,2019-03-01,ES,1841
3295,2019-03-01,IT,6054
3294,2019-03-01,RO,20956
3299,2019-03-01,NL,930
3306,2019-03-01,AT,994
3307,2019-03-01,HU,3173
3308,2019-03-01,LT,.
3319,2019-03-01,BG,7201
3318,2019-03-01,LU,269
3317,2019-03-01,CY,.
3316,2019-03-01,EE,.
3315,2019-03-01,SI,.
3320,2019-03-01,LV,.
3313,2019-03-01,HR,3824
3312,2019-03-01,CH,564
3311,2019-03-01,SK,988
3310,2019-03-01,FI,249
3309,2019-03-01,DK,252
3314,2019-03-01,IE,223
3337,2019-04-01,EE,73
3338,2019-04-01,LV,490
3339,2019-04-01,HR,3261
3340,2019-04-01,IE,201
3341,2019-04-01,SK,1048
3344,2019-04-01,PT,592
3343,2019-04-01,DK,196
3345,2019-04-01,LT,886
3346,2019-04-01,SE,260
3347,2019-04-01,NL,866
3336,2019-04-01,CY,.
3342,2019-04-01,FI,157
3335,2019-04-01,LU,253
3334,2019-04-01,BG,6563
3333,2019-04-01,SI,.
3322,2019-04-01,GB,1094
3323,2019-04-01,IT,5267
3324,2019-04-01,ES,1647
3325,2019-04-01,CZ,901
3326,2019-04-01,RO,17583
3321,2019-04-01,HU,2817
3328,2019-04-01,BE,298
3329,2019-04-01,GR,2218
3330,2019-04-01,AT,960
3331,2019-04-01,PL,10046
3332,2019-04-01,CH,534
3327,2019-04-01,FR,1330
3364,2019-05-01,SK,878
3365,2019-05-01,IE,182
3366,2019-05-01,LU,211
3367,2019-05-01,SI,348
3368,2019-05-01,LT,859
3371,2019-05-01,CY,35
3370,2019-05-01,EE,.
3372,2019-05-01,BG,6125
3373,2019-05-01,HR,3284
3374,2019-05-01,LV,559
3363,2019-05-01,NL,702
3369,2019-05-01,FI,86
3362,2019-05-01,CH,388
3354,2019-05-01,BE,280
3360,2019-05-01,HU,2732
3361,2019-05-01,PL,10779
3349,2019-05-01,RO,20489
3350,2019-05-01,SE,190
3351,2019-05-01,PT,525
3352,2019-05-01,CZ,815
3353,2019-05-01,GR,1992
3348,2019-05-01,DK,133
3355,2019-05-01,AT,844
3356,2019-05-01,ES,1369
3357,2019-05-01,IT,4361
3358,2019-05-01,GB,929
3359,2019-05-01,FR,924
3391,2019-06-01,FI,85
3392,2019-06-01,SK,1136
3393,2019-06-01,IE,209
3394,2019-06-01,HR,3378
3396,2019-06-01,DK,172
3400,2019-06-01,LU,168
3397,2019-06-01,SI,364
3398,2019-06-01,EE,46
3399,2019-06-01,CY,32
3390,2019-06-01,CH,409
3395,2019-06-01,LV,587
3389,2019-06-01,LT,947
3383,2019-06-01,PT,563
3387,2019-06-01,AT,917
3386,2019-06-01,BE,219
3385,2019-06-01,NL,646
3384,2019-06-01,SE,206
3382,2019-06-01,GR,1934
3381,2019-06-01,CZ,799
3380,2019-06-01,FR,971
3379,2019-06-01,PL,11268
3378,2019-06-01,ES,1508
3377,2019-06-01,IT,4651
3401,2019-06-01,BG,6337
3388,2019-06-01,RO,19083
3375,2019-06-01,HU,2797
3376,2019-06-01,GB,1040
3421,2019-07-01,HR,3922
3428,2019-07-01,LV,716
3427,2019-07-01,BG,6643
3426,2019-07-01,LU,278
3425,2019-07-01,CY,.
3424,2019-07-01,EE,.
3423,2019-07-01,SI,292
3422,2019-07-01,IE,218
3420,2019-07-01,SK,1192
3419,2019-07-01,FI,167
3418,2019-07-01,DK,216
3416,2019-07-01,LT,991
3415,2019-07-01,CH,537
3417,2019-07-01,AT,1200
3413,2019-07-01,FR,1197
3402,2019-07-01,GB,1231
3403,2019-07-01,IT,4689
3404,2019-07-01,ES,1906
3405,2019-07-01,PL,13446
3414,2019-07-01,GR,2179
3407,2019-07-01,NL,972
3406,2019-07-01,RO,19990
3409,2019-07-01,HU,3268
3410,2019-07-01,CZ,913
3411,2019-07-01,PT,696
3412,2019-07-01,SE,277
3408,2019-07-01,BE,311
3444,2019-08-01,CH,633
3448,2019-08-01,HR,3694
3445,2019-08-01,FI,195
3446,2019-08-01,SK,1049
3447,2019-08-01,IE,236
3449,2019-08-01,DK,509
3441,2019-08-01,AT,1160
3451,2019-08-01,EE,.
3452,2019-08-01,CY,41
3453,2019-08-01,LU,301
3454,2019-08-01,BG,6613
3443,2019-08-01,LT,1007
3450,2019-08-01,SI,320
3442,2019-08-01,NL,1076
3455,2019-08-01,LV,650
3440,2019-08-01,FR,1569
3430,2019-08-01,GB,1663
3431,2019-08-01,IT,4612
3432,2019-08-01,ES,2044
3433,2019-08-01,RO,19214
3434,2019-08-01,HU,2940
3429,2019-08-01,PL,10903
3436,2019-08-01,GR,2069
3437,2019-08-01,CZ,1000
3438,2019-08-01,PT,602
3439,2019-08-01,SE,430
3435,2019-08-01,BE,368
3467,2019-09-01,LV,635
3466,2019-09-01,HU,3673
3465,2019-09-01,AT,1408
3464,2019-09-01,FR,2580
3463,2019-09-01,PT,812
3461,2019-09-01,GR,2833
3460,2019-09-01,BE,563
3459,2019-09-01,PL,12279
3458,2019-09-01,ES,3495
3468,2019-09-01,CH,879
3462,2019-09-01,CZ,1258
3469,2019-09-01,HR,4441
3475,2019-09-01,LU,510
3471,2019-09-01,CY,92
3472,2019-09-01,EE,.
3473,2019-09-01,LT,1074
3474,2019-09-01,SI,446
3457,2019-09-01,IT,6557
3476,2019-09-01,IE,465
3477,2019-09-01,SK,1198
3478,2019-09-01,SE,439
3479,2019-09-01,NL,1130
3480,2019-09-01,RO,23879
3481,2019-09-01,DK,316
3482,2019-09-01,FI,330
3470,2019-09-01,BG,9153
3456,2019-09-01,GB,2094
3503,2019-10-01,IE,302
3483,2019-10-01,PT,702
3509,2019-10-01,HU,3070
3508,2019-10-01,NL,994
3507,2019-10-01,LT,1120
3506,2019-10-01,DK,254
3505,2019-10-01,FI,186
3504,2019-10-01,SK,1111
3501,2019-10-01,LV,697
3500,2019-10-01,SI,.
3499,2019-10-01,EE,112
3498,2019-10-01,CY,75
3497,2019-10-01,LU,612
3496,2019-10-01,BG,8294
3502,2019-10-01,HR,3567
3494,2019-10-01,SE,365
3495,2019-10-01,CH,680
3485,2019-10-01,GR,2922
3486,2019-10-01,BE,503
3487,2019-10-01,FR,2242
3488,2019-10-01,RO,20503
3489,2019-10-01,PL,10752
3484,2019-10-01,CZ,1095
3490,2019-10-01,ES,2811
3491,2019-10-01,IT,6772
3492,2019-10-01,GB,1867
3493,2019-10-01,AT,1381
3524,2019-11-01,RO,15190
3525,2019-11-01,SI,244
3526,2019-11-01,CH,375
3527,2019-11-01,HR,3000
3528,2019-11-01,BG,6690
3529,2019-11-01,CY,.
3531,2019-11-01,LV,508
3535,2019-11-01,IE,164
3532,2019-11-01,LT,796
3533,2019-11-01,NL,815
3534,2019-11-01,LU,217
3530,2019-11-01,EE,74
3523,2019-11-01,HU,2491
3522,2019-11-01,FR,944
3521,2019-11-01,GB,1021
3510,2019-11-01,FI,113
3511,2019-11-01,DK,172
3512,2019-11-01,SE,210
3513,2019-11-01,PT,546
3514,2019-11-01,CZ,703
3536,2019-11-01,SK,816
3516,2019-11-01,BE,269
3517,2019-11-01,ES,1640
3518,2019-11-01,PL,8770
3519,2019-11-01,AT,844
3520,2019-11-01,IT,4362
3515,2019-11-01,GR,2441
3553,2019-12-01,AT,726
3554,2019-12-01,IE,122
3555,2019-12-01,LV,383
3556,2019-12-01,SI,206
3557,2019-12-01,LT,576
3560,2019-12-01,SK,.
3559,2019-12-01,EE,40
3561,2019-12-01,FI,67
3562,2019-12-01,PT,381
3563,2019-12-01,BG,4751
3558,2019-12-01,HR,1951
3552,2019-12-01,NL,728
3549,2019-12-01,CZ,601
3550,2019-12-01,CH,306
3548,2019-12-01,IT,3207
3547,2019-12-01,GR,1700
3546,2019-12-01,HU,1501
3537,2019-12-01,PL,5185
3544,2019-12-01,FR,786
3543,2019-12-01,GB,908
3542,2019-12-01,LU,239
3541,2019-12-01,ES,1265
3540,2019-12-01,RO,9636
3539,2019-12-01,BE,256
3538,2019-12-01,DK,132
3551,2019-12-01,SE,221
3545,2019-12-01,CY,62
